News Outlet,Date,Tweet Text,Compound,Positive,Negative,Neutral,Tweets Ago
@BBC,Mon Aug 06 23:17:03 +0000 2018,"Scientists reveal the wonders of Jupiter, using information from @NASA's Juno mission. üöÄ‚ú®

Horizon: Jupiter Reveale‚Ä¶ https://t.co/yZ0UQjp82Q",0.0,0.0,0.0,1.0,1
@BBC,Mon Aug 06 23:17:03 +0000 2018,Ever wondered if your teeny tiny adorable cat is actually trying to kill you? ü§∑‚Äç‚ôÄÔ∏èüòº https://t.co/FyonKEdYPp,-0.3612,0.146,0.215,0.639,2
@BBC,Mon Aug 06 23:17:03 +0000 2018,These dog cakes are unsettlingly realistic... üê∂üò≤ https://t.co/pZNff7c1em https://t.co/6RJs6kXkBK,0.0,0.0,0.0,1.0,3
@BBC,Mon Aug 06 23:17:03 +0000 2018,"üòç The geometric patterns of Jupiter's polar storms are incredible. 

#Horizon: Jupiter Revealed | 9pm | @BBCTwo https://t.co/vFNTJEclKU",0.0,0.0,0.0,1.0,4
@BBC,Mon Aug 06 23:17:03 +0000 2018,"üìö Your SQA results day survival guide. 
üëâ https://t.co/z1W70i38kd

#ExamResults https://t.co/3z6vvCxRQl",0.0,0.0,0.0,1.0,5
@BBC,Mon Aug 06 23:17:03 +0000 2018,"Under a new system called ""Max's Law"", adults in England will be presumed to consent to donating their organs unles‚Ä¶ https://t.co/vmZT9tQuh9",0.2263,0.091,0.0,0.909,6
@BBC,Mon Aug 06 23:17:03 +0000 2018,"""I'm the first Somali male model in Finland""

Zakarie Ali moved to Finland aged 3. Now, he's using his modelling ca‚Ä¶ https://t.co/QLpaLnM4t9",0.0,0.0,0.0,1.0,7
@BBC,Mon Aug 06 23:17:03 +0000 2018,"Everyone loves fried potato, but can Belgium claim ownership of the French fry?  üáßüá™üçüüá´üá∑
 https://t.co/zllgYOw5Vb https://t.co/kJmiu0ZFWo",0.3291,0.135,0.0,0.865,8
@BBC,Mon Aug 06 23:17:03 +0000 2018,"""If it was your family then you wouldn't like it"". üíîüêò

Meet the schoolgirl who wants to protect endangered elephant‚Ä¶ https://t.co/z6RtcX2FFu",0.1255,0.11,0.089,0.801,9
@BBC,Mon Aug 06 23:17:03 +0000 2018,"Do you recycle yoghurt pots and ready meal trays? üóë‚ôªÔ∏è

It's emerged that most of the plastic food containers that w‚Ä¶ https://t.co/Rr4S2SwdQf",0.3612,0.106,0.0,0.894,10
@BBC,Mon Aug 06 23:17:03 +0000 2018,"‚úèÔ∏è This is what happened when body activists @SofieHagen and @theslumflower drew each other... 

https://t.co/I1Xh3q8KSz",0.0,0.0,0.0,1.0,11
@BBC,Mon Aug 06 23:17:03 +0000 2018,"Tonight, @kdbrundell uncovers the true story of Elizabethan children kidnapped for the stage. 

Abducted - Elizabet‚Ä¶ https://t.co/uTxBUH4iGV",-0.128,0.139,0.164,0.697,12
@BBC,Mon Aug 06 23:17:03 +0000 2018,"""No chain... he is free.""

üêª A heartrending story with a happy ending. https://t.co/0YjmUMBJGg",0.3612,0.248,0.148,0.604,13
@BBC,Mon Aug 06 23:17:03 +0000 2018,RT @BBCTwo: Raise a goblet to the best of the inimitable #MonChevy! ‚ù§Ô∏èüá´üá∑ #Versailles https://t.co/fcY91r5O3y,0.6696,0.257,0.0,0.743,14
@BBC,Mon Aug 06 23:17:03 +0000 2018,"Kyle dreams of being a hairdresser but one of his hands didn't develop properly in the womb. 

‚úÇÔ∏è Can Judge from Th‚Ä¶ https://t.co/tVRHz1Ayjl",0.2144,0.081,0.0,0.919,15
@BBC,Mon Aug 06 23:17:03 +0000 2018,"These lucky seals have avoided becoming an orca meal by crowding onto a rock in Pentland Firth, Scotland. https://t.co/hjlBOJ64li",0.1027,0.132,0.113,0.755,16
@BBC,Mon Aug 06 23:17:03 +0000 2018,"üòçüê¥ Donkeys are wearing snazzy trousers and we think they look great.
üëâ https://t.co/ywGVbx8ELc https://t.co/2KErCznfT8",0.6249,0.24,0.0,0.76,17
@BBC,Mon Aug 06 23:17:03 +0000 2018,"ü¶Ä When it comes to boxing crabs, the gloves are off!
#AnimalsBehavingBadly https://t.co/vvJ2M41s8e",0.0,0.0,0.0,1.0,18
@BBC,Mon Aug 06 23:17:03 +0000 2018,RT @BBCBreakfast: Jake is one of only ten Brits to reach the summit of the world's second highest mountain... Check out what he did when he‚Ä¶,0.0258,0.042,0.0,0.958,19
@BBC,Mon Aug 06 23:17:03 +0000 2018,"RT @bbc5live: Meet Mojo!
 
The first police dog on the scene of the Manchester Arena attack has been awarded for his bravery.
 
Now, after‚Ä¶",0.4753,0.204,0.102,0.693,20
@BBC,Mon Aug 06 23:17:03 +0000 2018,üë∞ An American woman has spoken of her dismay after being sacked from her role as bridesmaid prompting others to sha‚Ä¶ https://t.co/FGpnAof79D,-0.4215,0.0,0.123,0.877,21
@BBC,Mon Aug 06 23:17:03 +0000 2018,RT @bbcarts: Art detectives Fiona Bruce and @philipmould are back! #FakeorFortune returns to @BBCOne on Sunday 12 August. https://t.co/ukM4‚Ä¶,0.0,0.0,0.0,1.0,22
@BBC,Mon Aug 06 23:17:03 +0000 2018,The amount of plastic waste in the Pacific Ocean is huge. https://t.co/JUYaXXTmX3,-0.128,0.152,0.185,0.662,23
@BBC,Mon Aug 06 23:17:03 +0000 2018,"Six in 10 kidney donors are women ‚Äì but some 6 in 10 recipients are men. 

This may have health consequences for bo‚Ä¶ https://t.co/sdVCZ4wQFL",0.0,0.0,0.0,1.0,24
@BBC,Mon Aug 06 23:17:03 +0000 2018,"üçì‚ù§Ô∏è Strawberry Fields Forever.

This former children's home will become a training hub for young people with disabi‚Ä¶ https://t.co/SOJqX9c2ac",0.0,0.0,0.0,1.0,25
@BBC,Mon Aug 06 23:17:03 +0000 2018,üôå @SethMacFarlane is one talented guy. https://t.co/TrFj6ZN1VV,0.5106,0.398,0.0,0.602,26
@BBC,Mon Aug 06 23:17:03 +0000 2018,"Based on a true heartwarming story, starring Meryl Streep and Hugh Grant. 

Florence Foster Jenkins | 8:15pm |‚Ä¶ https://t.co/312zYQaCZE",0.8126,0.375,0.0,0.625,27
@BBC,Mon Aug 06 23:17:03 +0000 2018,ü§ñ We‚Äôre at the point where AI can take on mundane household tasks ‚Äì if slowly. And the implications of this technol‚Ä¶ https://t.co/3ZMBwEJa7d,0.0,0.0,0.0,1.0,28
@BBC,Mon Aug 06 23:17:03 +0000 2018,"How can someone work, pay taxes and still be homeless? https://t.co/rCpmM5ybZl",-0.1027,0.0,0.123,0.877,29
@BBC,Mon Aug 06 23:17:03 +0000 2018,"Standing out without standing up. 
(via @BBCThree) https://t.co/Aj7NXlFAq2",0.0,0.0,0.0,1.0,30
@BBC,Mon Aug 06 23:17:03 +0000 2018,üò≤ Add Vietnam's breathtaking Golden Bridge to your bucket list. https://t.co/ZOQGb7LvZ4,0.4588,0.25,0.0,0.75,31
@BBC,Mon Aug 06 23:17:03 +0000 2018,üî≠ The black hole at the centre of our galaxy has helped astronomers confirm a key prediction of Albert Einstein's i‚Ä¶ https://t.co/2K8gIbAFQf,0.0,0.0,0.0,1.0,32
@BBC,Mon Aug 06 23:17:03 +0000 2018,"üçΩ Are online bookings killing restaurants?

According to some estimates, 'no-shows' account for 5-20% of total rest‚Ä¶ https://t.co/PLU5VzHVIV",-0.6597,0.0,0.216,0.784,33
@BBC,Mon Aug 06 23:17:03 +0000 2018,"BLOOPERS! 
@ProfBrianCox can't tell his hominins from his hominids. Or possibly the other way around. https://t.co/tMtcUiyfED",0.0,0.0,0.0,1.0,34
@BBC,Mon Aug 06 23:17:03 +0000 2018,"RT @bbccomedy: RIP dear Barry Chuckle. Here's to you. ‚ù§Ô∏è

https://t.co/rSwjoRcPAZ",0.6486,0.371,0.0,0.629,35
@BBC,Mon Aug 06 23:17:03 +0000 2018,"Barry Chuckle, one half of the comedy duo the Chuckle Brothers, has died aged 73 after a short period of ill health‚Ä¶ https://t.co/bsG0GOtdTJ",0.128,0.252,0.204,0.543,36
@BBC,Mon Aug 06 23:17:03 +0000 2018,üìñüëÄ Meet the boy who has written a book with his eyes. https://t.co/j7TmFadeQk,0.0,0.0,0.0,1.0,37
@BBC,Mon Aug 06 23:17:03 +0000 2018,"üìö From a novel within a novel to a surreal thriller set in Cuba, here are 10 books to read in August.
üëâ‚Ä¶ https://t.co/4RaFMSpIUN",0.6124,0.261,0.0,0.739,38
@BBC,Mon Aug 06 23:17:03 +0000 2018,ü§∏ Christine Van Loo is an acro-gymnastics champion who has choreographed routines for Britney Spears. https://t.co/RlBwN5AnNZ,0.5994,0.218,0.0,0.782,39
@BBC,Mon Aug 06 23:17:03 +0000 2018,"‚òÄÔ∏èüèù New to #DesertIslandDiscs? 

Here‚Äôs where to start‚Ä¶
üëâ https://t.co/UrrPpwbdV9 https://t.co/ufjJJaY28m",0.0,0.0,0.0,1.0,40
@BBC,Mon Aug 06 23:17:03 +0000 2018,"Now this is an impressive line-up!

Watch #LeadingLadyParts on @BBCiPlayer https://t.co/CLzcEFNtYl",0.5562,0.264,0.0,0.736,41
@BBC,Mon Aug 06 23:17:03 +0000 2018,"Gin and tonic are a match made in heaven. 
So, how did they come together? https://t.co/9fXOpnWpgZ",0.5106,0.191,0.0,0.809,42
@BBC,Mon Aug 06 23:17:03 +0000 2018,"When online fandom becomes toxic.
üëâ https://t.co/qccSNcTi0l https://t.co/j6dJARWqBA",0.0,0.0,0.0,1.0,43
@BBC,Mon Aug 06 23:17:03 +0000 2018,"‚ôªÔ∏èüóë Ever thought about where the waste you produce ends up after you get rid of it? 
#NoWasteMan https://t.co/axNWRfISmH",-0.4215,0.0,0.135,0.865,44
@BBC,Mon Aug 06 23:17:03 +0000 2018,"üì∏ The face behind a stock image. 

How one woman unwittingly gave away her face for free. 
üëâ https://t.co/LGZo1FHl5U https://t.co/fNmn2nkfDD",0.5106,0.171,0.0,0.829,45
@BBC,Mon Aug 06 23:17:03 +0000 2018,"The pika is most definitely the world's cutest thief!
#AnimalsBehavingBadly https://t.co/v8dSKoVYgD",0.5697,0.383,0.184,0.433,46
@BBC,Mon Aug 06 23:17:03 +0000 2018,RT @bbcthree: Painting a different picture of homelessness. https://t.co/xQnRSb9FYE,0.0,0.0,0.0,1.0,47
@BBC,Mon Aug 06 23:17:03 +0000 2018,"RT @BBCWorld: #ThaiCaveRescue: Boys and rescuers celebrated in art üêóüíô

https://t.co/O34VRnrC9y https://t.co/r2X4Gx7YEB",0.5719,0.252,0.0,0.748,48
@BBC,Mon Aug 06 23:17:03 +0000 2018,‚úä Cindy Whitehead was one of the first female pro skateboarders in the 70s riding vertical inclines. https://t.co/8x58hjAuQd,0.0,0.0,0.0,1.0,49
@BBC,Mon Aug 06 23:17:03 +0000 2018,RT @BBCNewsNI: The history of Belfast Pride. https://t.co/WGLq9rDRmB,0.34,0.255,0.0,0.745,50
@BBC,Mon Aug 06 23:17:03 +0000 2018,"Retroactive jealousy: Obsessed with my partner‚Äôs past.
üëâ https://t.co/9fx6yhDCOL https://t.co/lUZSCbGG3L",-0.4588,0.0,0.364,0.636,51
@BBC,Mon Aug 06 23:17:03 +0000 2018,"""I don't wear make-up to feel secure, I wear make-up to make society feel secure.""
(via @BBCThree) https://t.co/HKAhvdDBRt",0.34,0.13,0.0,0.87,52
@BBC,Mon Aug 06 23:17:03 +0000 2018,"üì∫ From Tom Clancy‚Äôs Jack Ryan to Matt Groening‚Äôs new animation, @BBC_culture round up the TV shows worth seeing in‚Ä¶ https://t.co/9YHJHZdWV1",0.2263,0.091,0.0,0.909,53
@BBC,Mon Aug 06 23:17:03 +0000 2018,"üìö Do you have a habit of picking up books that you never quite get around to reading?

You might be unwittingly eng‚Ä¶ https://t.co/0NWHPGZzWv",0.0,0.0,0.0,1.0,54
@BBC,Mon Aug 06 23:17:03 +0000 2018,"üê∏ Meet Sylvia's Tree Frog!

This species has been confused with a similar looking one since 1925 but now researcher‚Ä¶ https://t.co/ds0R3KxeSp",-0.2363,0.0,0.097,0.903,55
@BBC,Mon Aug 06 23:17:03 +0000 2018,"Got kids on school holidays?

‚òÄÔ∏è Download the @CBBC Buzz app now for loads of fun like this summer holiday name gen‚Ä¶ https://t.co/tVKhEZDCp5",0.8779,0.369,0.0,0.631,56
@BBC,Mon Aug 06 23:17:03 +0000 2018,"An evening of roots reggae, dub, dancehall, salsa, rumba and Afro-Cuban beats from the @RoyalAlbertHall. üé∂ü•Å‚Ä¶ https://t.co/4ZRjtCqBjQ",0.0,0.0,0.0,1.0,57
@BBC,Mon Aug 06 23:17:03 +0000 2018,üòÇ‚öîÔ∏è Stewart Lee vs Game of Thrones https://t.co/4YIvD4tna5,0.0,0.0,0.0,1.0,58
@BBC,Mon Aug 06 23:17:03 +0000 2018,üòç Just one of the 16 daily sunrises seen from the International Space Station. https://t.co/RXjxaohn6x,0.0,0.0,0.0,1.0,59
@BBC,Mon Aug 06 23:17:03 +0000 2018,"Running away from your responsibilities on a Friday like... 

#FridayFeeling https://t.co/OSCp8m1KKf",0.0,0.0,0.0,1.0,60
@BBC,Mon Aug 06 23:17:03 +0000 2018,"RT @BBCRadio4: ü•Å 'Why I'm banging the drum for equal pay' ü•Å 
Gemma Arterton üåüüí´ speaks out about women's rights and reveals what inspires he‚Ä¶",0.3612,0.115,0.055,0.83,61
@BBC,Mon Aug 06 23:17:03 +0000 2018,RT @BBCLookNorth: Staff @SheffChildrens pulled out all the stops to make sure this young cancer patient could be a bridesmaid at her parent‚Ä¶,-0.5719,0.084,0.22,0.696,62
@BBC,Mon Aug 06 23:17:03 +0000 2018,"‚ù§Ô∏èü¶è A critically endangered Eastern Black Rhino's been born in front of visitors at Chester Zoo.

It's believed the‚Ä¶ https://t.co/9CwJGGGtvM",0.0,0.0,0.0,1.0,63
@BBC,Mon Aug 06 23:17:03 +0000 2018,üó£Ô∏èüöÜ Commuters in Toronto are getting travel tips from a very famous voice...  https://t.co/4uAAzg99W3,0.0,0.0,0.0,1.0,64
@BBC,Mon Aug 06 23:17:03 +0000 2018,"üòÇ @RickyGervais is the king of cringe. 
#Extras https://t.co/NAo9RqbsaT",0.0,0.0,0.0,1.0,65
@BBC,Mon Aug 06 23:17:03 +0000 2018,"What's the least popular emoji on Twitter?
üëâ https://t.co/nvVIbXZE5C https://t.co/l63JGiR9ZI",-0.3252,0.0,0.226,0.774,66
@BBC,Mon Aug 06 23:17:03 +0000 2018,"üõ©üõ©üõ©
Britain's first disabled air display team is getting ready for takeoff! https://t.co/kOxwAFPIEt",0.4199,0.189,0.0,0.811,67
@BBC,Mon Aug 06 23:17:03 +0000 2018,"Just 13.2% of the world's oceans could be classed as wilderness, according to new research.
üëâ‚Ä¶ https://t.co/AHjAciuC3G",0.0,0.0,0.0,1.0,68
@BBC,Mon Aug 06 23:17:03 +0000 2018,"How did you sleep last night? 

Chances are you didn't get enough üí§ https://t.co/noTei8EVzE",0.2023,0.13,0.0,0.87,69
@BBC,Mon Aug 06 23:17:03 +0000 2018,"Follow the prosecution of a gang that uses drones to deliver drugs to people in prison. 

The Prosecutors | 9pm |‚Ä¶ https://t.co/WVohvyXfRF",-0.7579,0.0,0.265,0.735,70
@BBC,Mon Aug 06 23:17:03 +0000 2018,"After suffering from a stroke, Richard turned to baking as a form of therapy. https://t.co/pFJEZ6wDPN",-0.4767,0.0,0.205,0.795,71
@BBC,Mon Aug 06 23:17:03 +0000 2018,The jacket worn by Harrison Ford when he played Han Solo in Star Wars' The Empire Strikes Back is expected to fetch‚Ä¶ https://t.co/gKQGexAVQa,-0.7096,0.081,0.279,0.64,72
@BBC,Mon Aug 06 23:17:03 +0000 2018,"What happened to the boy who chased away the lions? 
#BBCInnovators https://t.co/cc3hhSkCRp",0.0,0.0,0.0,1.0,73
@BBC,Mon Aug 06 23:17:03 +0000 2018,".@ShirleyBallas's great-grandmother, travelled to New York for a new life but the rest of her story is far from pla‚Ä¶ https://t.co/rFPEyWNYP5",0.0,0.0,0.0,1.0,74
@BBC,Mon Aug 06 23:17:03 +0000 2018,‚òîÔ∏è A van driver in the Canadian city of Ottawa has been sacked after they were filmed repeatedly splashing pedestri‚Ä¶ https://t.co/7cqN64jHCA,0.0,0.0,0.0,1.0,75
@BBC,Mon Aug 06 23:17:03 +0000 2018,üò≤ Add Vietnam's breathtaking Golden Bridge to your travel bucket list. https://t.co/ZOQGb7LvZ4,0.4588,0.231,0.0,0.769,76
@BBC,Mon Aug 06 23:17:03 +0000 2018,"RT @BBCRadio4: So where exactly does Alan Bennett stop and @ProfBrianCox begin?
@robinince may have the answer.
More from @themonkeycage he‚Ä¶",-0.296,0.0,0.099,0.901,77
@BBC,Mon Aug 06 23:17:03 +0000 2018,"In the UK, we use around 7 million disposable coffee cups each day. 

That's 82 tonnes of non-recyclable waste crea‚Ä¶ https://t.co/L4OsfxKj7Z",-0.4215,0.0,0.128,0.872,78
@BBC,Mon Aug 06 23:17:03 +0000 2018,"How the handmaid became an international protest symbol.
üëâ https://t.co/CQ4Q7MmSu9 https://t.co/iBS1uxSx1G",-0.25,0.0,0.182,0.818,79
@BBC,Mon Aug 06 23:17:03 +0000 2018,üé® Celebrating immigration through street art. https://t.co/6vYjU7MgGM,0.5719,0.425,0.0,0.575,80
@BBC,Mon Aug 06 23:17:03 +0000 2018,Three things you might not know about domestic abuse. https://t.co/toqVr31d23,-0.6369,0.0,0.318,0.682,81
@BBC,Mon Aug 06 23:17:03 +0000 2018,üìñüëÄ The boy who has written a book with his eyes. https://t.co/j7TmFadeQk,0.0,0.0,0.0,1.0,82
@BBC,Mon Aug 06 23:17:03 +0000 2018,"A pest controller who discovered a nest with ""around 10-15,000"" wasps in a garage cupboard described his experience‚Ä¶ https://t.co/yNxDd1Uqx4",0.0,0.0,0.0,1.0,83
@BBC,Mon Aug 06 23:17:03 +0000 2018,"üé∂ 'A lower volume of music encourages healthier eating'

Seven ways in which melody seasons our meals. 
üëâ‚Ä¶ https://t.co/2lCCxlco7L",0.1779,0.137,0.104,0.758,84
@BBC,Mon Aug 06 23:17:03 +0000 2018,"Today is #YorkshireDay! Why not celebrate by eating a full roast dinner wrapped in a Yorkshire pudding? üòçüçóü•ïü•î

https://t.co/D1H4QYO2g3",-0.509,0.0,0.171,0.829,85
@BBC,Mon Aug 06 23:17:03 +0000 2018,"RT @BBC6Music: üéß Which records are you still waiting to hear this year?

Here are 50 albums to look forward to during the rest of 2018 http‚Ä¶",0.0,0.0,0.0,1.0,86
@BBC,Mon Aug 06 23:17:03 +0000 2018,"‚úàÔ∏è A woman, who fulfilled her air hostess mother's dream by piloting her final flight before retirement, says she f‚Ä¶ https://t.co/6E2KzoyCWY",0.5859,0.211,0.0,0.789,87
@BBC,Mon Aug 06 23:17:03 +0000 2018,RT @BBCLeeds: What if animals spoke in a Yorkshire accent? Happy #YorkshireDay! https://t.co/ELm4ot3sQp,0.6114,0.266,0.0,0.734,88
@BBC,Mon Aug 06 23:17:03 +0000 2018,"RT @bbcrb: We all know SOMEONE  who needs to do this! ü§∞üòàüòÇ
@UltraBabyFace https://t.co/zfjN3xA20m",0.0,0.0,0.0,1.0,89
@BBC,Mon Aug 06 23:17:03 +0000 2018,üç£üé£ How did we become hooked on sushi? https://t.co/M6UXeJq9DI,0.0,0.0,0.0,1.0,90
@BBC,Mon Aug 06 23:17:03 +0000 2018,A French student has spoken out after she was harassed by a man in a Paris street and then hit in the face when she‚Ä¶ https://t.co/65bcKXM3P1,-0.5423,0.0,0.137,0.863,91
@BBC,Mon Aug 06 23:17:03 +0000 2018,"""Y'alright love?"" üòÇ This crow has a Yorkshire accent and it's the best thing you'll hear today. 

#YorkshireDay

https://t.co/3J8BQGiZM7",0.6369,0.208,0.0,0.792,92
@BBC,Mon Aug 06 23:17:03 +0000 2018,"The story of a young girl's choice between Oxford and the university of life...

#AnEducation | 10pm | @BBCFour |‚Ä¶ https://t.co/TCSjXsn02B",0.0,0.0,0.0,1.0,93
@BBC,Mon Aug 06 23:17:03 +0000 2018,"Drama series telling the story of a dysfunctional family, set within a family-run beauty salon.

Age Before Beauty‚Ä¶ https://t.co/axP5dYrHMA",0.5859,0.192,0.0,0.808,94
@BBC,Mon Aug 06 23:17:03 +0000 2018,How Australia's first gay imam is 'saving lives'. https://t.co/u2QmgRGHCM,0.0,0.0,0.0,1.0,95
@BBC,Mon Aug 06 23:17:03 +0000 2018,"RT @bbcwritersroom: Writer Debbie Horsfield's new @BBCOne drama #AgeBeforeBeauty begins tonight (Tue 31 July) at 9pm. 

We caught up with D‚Ä¶",0.0,0.0,0.0,1.0,96
@BBC,Mon Aug 06 23:17:03 +0000 2018,"The Old Bridge in Mostar is one of Bosnia-Herzegovina's most famous landmarks. 

But does it connect or divide the‚Ä¶ https://t.co/lycdJ43HRh",0.0,0.0,0.0,1.0,97
@BBC,Mon Aug 06 23:17:03 +0000 2018,"RT @bbcmusic: ""Hopefully my little messages for train passengers will be a nice surprise and a reminder of the power of music as they go ab‚Ä¶",0.765,0.266,0.0,0.734,98
@BBC,Mon Aug 06 23:17:03 +0000 2018,"Congratulations John! üéì A 95-year-old man has graduated from Oxford University, 76 years after he completed his deg‚Ä¶ https://t.co/Mjv2UU11be",0.636,0.208,0.0,0.792,99
@BBC,Mon Aug 06 23:17:03 +0000 2018,"Have you ever spotted hidden messages in the Harry Potter films?
#HappyBirthdayHarryPotter https://t.co/LQa8z7fVRz",0.0,0.0,0.0,1.0,100
@CBS,Mon Aug 06 23:17:03 +0000 2018,The Executive Producers of @CBSBigBrother are teaming up with @KingJames and @MavCarter for an unprecedented televi‚Ä¶ https://t.co/V88bDeHmQs,0.0,0.0,0.0,1.0,1
@CBS,Mon Aug 06 23:17:03 +0000 2018,"RT @cbsallaccess: Executive Producer of Tell Me A Story, @kevwilliamson, says ""What I like about the show, there‚Äôs nothing else on TV like‚Ä¶",0.3612,0.111,0.0,0.889,2
@CBS,Mon Aug 06 23:17:03 +0000 2018,RT @TheNeighborhood: Feel the love in this new teaser for #TheNeighborhood from the #CBS #TCA18! ü§ó https://t.co/rPmCozH5XP,0.5411,0.219,0.098,0.683,3
@CBS,Mon Aug 06 23:17:03 +0000 2018,RT @TheNeighborhood: Find out why Cedric the Entertainer and the cast think #TheNeighborhood is the kind of show that everyone can relate t‚Ä¶,0.3818,0.106,0.0,0.894,4
@CBS,Mon Aug 06 23:17:03 +0000 2018,That's all for our #CBS #TCA18 panels! Tune in this fall to watch all your favorite new shows. üôå https://t.co/hM85o9eRi8,0.5093,0.155,0.0,0.845,5
@CBS,Mon Aug 06 23:17:03 +0000 2018,"RT @MagnumPICBS: ""If there was ever a time to bring back #MagnumPI, it's now."" - @PLenkov 
#CBS #TCA2018",0.0,0.0,0.0,1.0,6
@CBS,Mon Aug 06 23:17:03 +0000 2018,"RT @MagnumPICBS: ""There are a lot of easter eggs from the original that fans from the original series will love, and they're peppered throu‚Ä¶",0.8316,0.306,0.0,0.694,7
@CBS,Mon Aug 06 23:17:03 +0000 2018,"RT @MagnumPICBS: ""What we are trying to do is introduce the show to a new audience...it's going to open it up for anyone that's new and the‚Ä¶",0.0,0.0,0.0,1.0,8
@CBS,Mon Aug 06 23:17:03 +0000 2018,"RT @MagnumPICBS: ""This has been my white whale since I was a kid. I always loved #MagnumPI. Putting words in Magnum's mouth is something I'‚Ä¶",0.5994,0.157,0.0,0.843,9
@CBS,Mon Aug 06 23:17:03 +0000 2018,RT @MagnumPICBS: It's #MagnumPI time at the #CBS #TCA2018! Follow along as we live tweet the panel!,0.0,0.0,0.0,1.0,10
@CBS,Mon Aug 06 23:17:03 +0000 2018,RT @FBICBS: How did Dick Wolf recruit #FBI stars @mperegrym and @ZeekoZaki? Here's what we learned during their panel at #CBS #TCA18 today:‚Ä¶,-0.5106,0.0,0.13,0.87,11
@CBS,Mon Aug 06 23:17:03 +0000 2018,RT @happytogether: Thanks for following along! That concludes the #HappyTogether panel at the #CBS #TCA2018! @MagnumPICBS is up next!,0.5826,0.173,0.0,0.827,12
@CBS,Mon Aug 06 23:17:03 +0000 2018,"RT @happytogether: Question: Even though you're not playing @Harry_Styles, did you do a Harry crash course?
@itsfelixwot: Absolutely not. C‚Ä¶",-0.5093,0.0,0.202,0.798,13
@CBS,Mon Aug 06 23:17:03 +0000 2018,"RT @happytogether: ""The show is about marriage, it's about getting a bit older, it's about youthfulness, it's about something happening and‚Ä¶",0.0,0.0,0.0,1.0,14
@CBS,Mon Aug 06 23:17:03 +0000 2018,"RT @happytogether: ""It's always good to have a little bit of truth in whatever you're making.""- @wayansjr 

#HappyTogether #CBS #TCA2018",0.6041,0.225,0.0,0.775,15
@CBS,Mon Aug 06 23:17:03 +0000 2018,"RT @happytogether: ""I thought I was still young and cool until I met @itsfelixwot!"" -@AmberoniStevens #HappyTogether #CBS #TCA2018",0.3802,0.147,0.0,0.853,16
@CBS,Mon Aug 06 23:17:03 +0000 2018,"RT @happytogether: ""We never wanted to create a show where people think ""Oh, did @Harry_Styles do that?"" -@benwinston on emphasizing that #‚Ä¶",-0.2057,0.0,0.083,0.917,17
@CBS,Mon Aug 06 23:17:03 +0000 2018,RT @happytogether: .@wayansjr is quick to point out that the characters in #HappyTogether are fictional. #CBS #TCA2018,0.0,0.0,0.0,1.0,18
@CBS,Mon Aug 06 23:17:03 +0000 2018,"RT @happytogether: ""@Harry_Styles became part of the family. We didn't want him to move out."" -@benwinston #CBS #HappyTogether #TCA18",-0.0572,0.0,0.064,0.936,19
@CBS,Mon Aug 06 23:17:03 +0000 2018,"RT @happytogether: ""It's about Cooper who wants nothing but normality and a boring life, and Jake and Claire, who want more excitement."" -@‚Ä¶",-0.3612,0.059,0.121,0.82,20
@CBS,Mon Aug 06 23:17:03 +0000 2018,"RT @happytogether: ""It's loosely inspired (by the time @Harry_Styles lived with @benwinston), because if we put what actually happened on t‚Ä¶",0.4939,0.138,0.0,0.862,21
@CBS,Mon Aug 06 23:17:03 +0000 2018,RT @happytogether: It's time for the #HappyTogether panel at the #CBS #TCA18! Follow along here!,0.0,0.0,0.0,1.0,22
@CBS,Mon Aug 06 23:17:03 +0000 2018,RT @GodFriendedMe: Thanks for following along during the #GodFriendedMe panel at #CBS #TCA18‚Äî@HappyTogether is up next!,0.4926,0.175,0.0,0.825,23
@CBS,Mon Aug 06 23:17:03 +0000 2018,"RT @GodFriendedMe: ""You don't have to believe in God to believe in good."" üôå@JOEtheMORTON¬†#GodFriendedMe #CBS",0.2732,0.123,0.0,0.877,24
@CBS,Mon Aug 06 23:17:03 +0000 2018,RT @GodFriendedMe: ‚ÄúIt‚Äôs incredibly important to us that we‚Äôre not a show that‚Äôs preachy or judgmental. Whether you believe or don‚Äôt believ‚Ä¶,0.2716,0.095,0.0,0.905,25
@CBS,Mon Aug 06 23:17:03 +0000 2018,"RT @GodFriendedMe: ""Our feet are on the ground. Our characters are not angels, they‚Äôre not heavenly, they‚Äôre just real people. The 'opposin‚Ä¶",-0.4973,0.0,0.133,0.867,26
@CBS,Mon Aug 06 23:17:03 +0000 2018,RT @GodFriendedMe: Follow along with us as we live-tweet the #GodFriendedMe panel at #CBS #TCA18 with stars @hall_m_brandon @violettbeane @‚Ä¶,0.0,0.0,0.0,1.0,27
@CBS,Mon Aug 06 23:17:03 +0000 2018,"RT @cbsallaccess: From the writer of Scream, The Vampire Diaries and The Following, comes a modern day twist on classic fairy tales. 

#Tel‚Ä¶",-0.4019,0.0,0.114,0.886,28
@CBS,Mon Aug 06 23:17:03 +0000 2018,"RT @cbsallaccess: Small town. Big murder. Follow the Money. 

#OneDollar premieres August 30, exclusively on CBS All Access. https://t.co/T‚Ä¶",-0.6908,0.0,0.207,0.793,29
@CBS,Mon Aug 06 23:17:03 +0000 2018,RT @cbsallaccess: That's a wrap on the #TellMeAStory panel! @GodFriendedMe is up next! #TCA18 #CBSAllAccess,0.0,0.0,0.0,1.0,30
@CBS,Mon Aug 06 23:17:03 +0000 2018,"RT @cbsallaccess: ""What I love about New York City - besides being the best city in the world - it's textural, it's real, it has everything‚Ä¶",0.8555,0.286,0.0,0.714,31
@CBS,Mon Aug 06 23:17:03 +0000 2018,RT @cbsallaccess: Who's ready to see @KimCattrall play @daniellemcam's (AKA Little Red Riding Hood) grandmother? #TellMeAStory #TCA18 #CBSA‚Ä¶,0.5994,0.234,0.0,0.766,32
@CBS,Mon Aug 06 23:17:03 +0000 2018,"RT @cbsallaccess: ""What I like about this show is that there's nothing else on TV like it right now."" -@kevwilliamson #TellMeAStory #TCA18‚Ä¶",0.6124,0.208,0.0,0.792,33
@CBS,Mon Aug 06 23:17:03 +0000 2018,"RT @MurphyBrownCBS: According to Candice Bergen and Diane English, there's never been a more perfect time to revive #MurphyBrown! https://t‚Ä¶",-0.2748,0.105,0.153,0.742,34
@CBS,Mon Aug 06 23:17:03 +0000 2018,"RT @MurphyBrownCBS: #MurphyBrown has always been a political show, and that won't change! Read on about how the show plans to cover hot top‚Ä¶",0.0,0.0,0.0,1.0,35
@CBS,Mon Aug 06 23:17:03 +0000 2018,"RT @FBICBS: ""People are going to get a very realistic view of how that office operates and the stresses. It's a zero-tolerance FBI office.‚Ä¶",-0.4588,0.0,0.125,0.875,36
@CBS,Mon Aug 06 23:17:03 +0000 2018,Stay tuned for more #CBS #TCA18 action! The @cbsallaccess panel is up next. üëçüèº https://t.co/fcjiEwpaN0,0.0,0.0,0.0,1.0,37
@CBS,Mon Aug 06 23:17:03 +0000 2018,"RT @FBICBS: #FBIFam, this should cure your #SundayScaries! Check out the #FBI preview that was shown at the #CBS #TCA18 before the panel. h‚Ä¶",0.0,0.0,0.0,1.0,38
@CBS,Mon Aug 06 23:17:03 +0000 2018,"RT @TheNeighborhood: ""Once we shot the pilot, we knew that we had a great show."" -@CedEntertainer #TheNeighborhood #CBS",0.6249,0.204,0.0,0.796,39
@CBS,Mon Aug 06 23:17:03 +0000 2018,"RT @TheNeighborhood: ""It was so well done, as far as I was concerned, that it became a no brainer to do the show. I called the next morning‚Ä¶",0.1384,0.098,0.079,0.823,40
@CBS,Mon Aug 06 23:17:03 +0000 2018,"RT @TheNeighborhood: ""This is a show about people. This is a show about families, neighbors, friendships... At its core, this is a show abo‚Ä¶",0.0,0.0,0.0,1.0,41
@CBS,Mon Aug 06 23:17:03 +0000 2018,"RT @TheNeighborhood: We're here at the #CBS #TCA18 giving you the inside scoop on #TheNeighborhood with our stars @CedEntertainer, @Tichina‚Ä¶",0.4588,0.182,0.0,0.818,42
@CBS,Mon Aug 06 23:17:03 +0000 2018,RT @MurphyBrownCBS: That's a wrap on the #MurphyBrown panel at #TCA18! @TheNeighborhood is up next! #CBS,0.0,0.0,0.0,1.0,43
@CBS,Mon Aug 06 23:17:03 +0000 2018,"RT @MurphyBrownCBS: Diane English reveals ""We have an enormously famous person in our first episode,"" but keeps the secret under wraps! üôä #‚Ä¶",0.0,0.0,0.0,1.0,44
@CBS,Mon Aug 06 23:17:03 +0000 2018,"RT @MurphyBrownCBS: Diane English talks about how to stay topically relevant while writing scripts ahead of time &amp; also said, ""We have an i‚Ä¶",0.0,0.0,0.0,1.0,45
@CBS,Mon Aug 06 23:17:03 +0000 2018,RT @MurphyBrownCBS: All the feels! ‚ù§Ô∏è #MurphyBrown returns to #CBS this fall! https://t.co/OvQk3CV49W,0.0,0.0,0.0,1.0,46
@CBS,Mon Aug 06 23:17:03 +0000 2018,"RT @MurphyBrownCBS: ""It's been very emotional for the old guys... We saw Murphy's townhouse and we all got tears in our eyes."" -Candice Ber‚Ä¶",-0.0018,0.073,0.074,0.853,47
@CBS,Mon Aug 06 23:17:03 +0000 2018,"Stay tuned, because @MurphyBrownCBS is up next at the #CBS #TCA18! https://t.co/0qdjQiFrwW",0.0,0.0,0.0,1.0,48
@CBS,Mon Aug 06 23:17:03 +0000 2018,"RT @FBICBS: ‚ÄúEven though I was scared to say yes, it was so clear you don‚Äôt say no. I knew I couldn‚Äôt say no. I couldn‚Äôt be more grateful,‚Ä¶",-0.0602,0.182,0.219,0.599,49
@CBS,Mon Aug 06 23:17:03 +0000 2018,"RT @FBICBS: What's it like for @JeremySisto coming back to a Dick Wolf show?

""It's one of the most stable ships you can be on... It's exci‚Ä¶",0.1761,0.16,0.105,0.735,50
@CBS,Mon Aug 06 23:17:03 +0000 2018,"RT @FBICBS: ""We're celebrating the troops on the ground... There are endless stories in there."" - Dick Wolf on why he wanted to focus the s‚Ä¶",0.1027,0.123,0.11,0.767,51
@CBS,Mon Aug 06 23:17:03 +0000 2018,"RT @FBICBS: ‚ÄúIt‚Äôs really exciting to be here for the first time in a long, long, long, long time.‚Äù - Dick Wolf #CBS #TCA18",0.0498,0.13,0.123,0.746,52
@CBS,Mon Aug 06 23:17:03 +0000 2018,Celebrate #NationalSistersDay with an iconic group of sisters! Watch how these three became part of The Brady Bunch‚Ä¶ https://t.co/nBVjxl4AbP,0.6114,0.182,0.0,0.818,53
@CBS,Mon Aug 06 23:17:03 +0000 2018,RT @startrekcbs: Executive Producer Alex Kurtzman and @SirPatStew surprised fans today at #STLV with news that he will be returning to the‚Ä¶,0.2263,0.083,0.0,0.917,54
@CBS,Mon Aug 06 23:17:03 +0000 2018,Watching a üíØ spin on @PriceIsRight never gets old‚Ä¶especially when it‚Äôs Mila Kunis! https://t.co/NPOukc3jPz,0.0,0.0,0.0,1.0,55
@CBS,Mon Aug 06 23:17:03 +0000 2018,"RT @TrueCrimeCBS: The chances of successfully blowing the whistle are slim, but did a Wells Fargo personal banker beat the odds?

Find out‚Ä¶",0.6124,0.24,0.0,0.76,56
@CBS,Mon Aug 06 23:17:03 +0000 2018,Celebrate #NationalAvocadoDay with @letsmakeadeal. ü•ë Relive this #LMAD moment when an avocado wins one amazing deal! https://t.co/QS8GLajWU5,0.9098,0.469,0.0,0.531,57
@CBS,Mon Aug 06 23:17:03 +0000 2018,"Housewives. PTA moms. School volunteers. Starting TONIGHT, hear the stories of seemingly innocent women who put it‚Ä¶ https://t.co/5TA15OiTuh",0.34,0.124,0.0,0.876,58
@CBS,Mon Aug 06 23:17:03 +0000 2018,"This is one allowance that can‚Äôt be beat! Kids are winning big this week on @PriceIsRight. üéâ
 https://t.co/lncKu9XvNo",0.5707,0.187,0.0,0.813,59
@CBS,Mon Aug 06 23:17:03 +0000 2018,"Renowned artists Cher, Philip Glass, Reba McEntire, Wayne Shorter, and the co-creators of #Hamilton will be recogni‚Ä¶ https://t.co/PEjjI9MKE1",0.0,0.0,0.0,1.0,60
@CBS,Mon Aug 06 23:17:03 +0000 2018,Who's excited for the return of @MurphyBrownCBS? Here's a behind-the-scenes look at the first table read of the sea‚Ä¶ https://t.co/1B5S4WJnCW,0.34,0.118,0.0,0.882,61
@CBS,Mon Aug 06 23:17:03 +0000 2018,"Mark your calendars because you won‚Äôt want to miss this! Former Secretaries of State @HillaryClinton, @Madeleine, a‚Ä¶ https://t.co/JKDPp97OqN",-0.1511,0.068,0.099,0.834,62
@CBS,Mon Aug 06 23:17:03 +0000 2018,The cast couldn‚Äôt be more excited to welcome @ansonmount into the @startrekcbs family! Who‚Äôs ready to see the iconi‚Ä¶ https://t.co/fOS4f4VCb2,0.8293,0.34,0.0,0.66,63
@CBS,Mon Aug 06 23:17:03 +0000 2018,RT @startrekcbs: Stream the full panel &amp; learn all the exclusive details revealed about season 2 of #StarTrekDiscovery at @Comic_Con: https‚Ä¶,0.128,0.073,0.0,0.927,64
@CBS,Mon Aug 06 23:17:03 +0000 2018,RT @MagnumPICBS: Couldn't make it to San Diego for the #MagnumPI panel? Here's everything you missed at #SDCC2018: https://t.co/Z7IBqF1YJ8‚Ä¶,-0.296,0.0,0.109,0.891,65
@CBS,Mon Aug 06 23:17:03 +0000 2018,RT @bigbangtheory: The #BigBangTheory writers teased a honeymoon episode and more @YoungSheldon characters in Season 12 while speaking at #‚Ä¶,-0.296,0.0,0.109,0.891,66
@CBS,Mon Aug 06 23:17:03 +0000 2018,"RT @TrueCrimeCBS: When you find out you‚Äôve been treated with chemo, but you don‚Äôt have cancer. #Whistleblower https://t.co/DAKwu1vcNX",-0.7964,0.0,0.264,0.736,67
@CBS,Mon Aug 06 23:17:03 +0000 2018,George blew the whistle on a doctor targeting those who believed they had cancer. What was the outcome? Find out to‚Ä¶ https://t.co/rLlNzlK3Cy,-0.6597,0.0,0.18,0.82,68
@CBS,Mon Aug 06 23:17:03 +0000 2018,"RT @startrekcbs: Discover the next adventure of Starfleet in this first look at the season 2 premiere, coming early 2019. Season 1 is now s‚Ä¶",0.3182,0.095,0.0,0.905,69
@CBS,Mon Aug 06 23:17:03 +0000 2018,Take a trip down memory lane with the cast and crew of @MagnumPICBS at #SDCC2018! https://t.co/jHVxm7kyaT,0.0,0.0,0.0,1.0,70
@CBS,Mon Aug 06 23:17:03 +0000 2018,"This @cbsallaccess series is unlike any fairy tale you've ever seen before. @paulwesley, @kevwilliamson &amp;‚Ä¶ https://t.co/icsSnPxKAr",0.0,0.0,0.0,1.0,71
@CBS,Mon Aug 06 23:17:03 +0000 2018,ü§∞üë©‚Äçüëßüö´üç∏ #WorldEmojiDay,0.0,0.0,0.0,1.0,72
@CBS,Mon Aug 06 23:17:03 +0000 2018,üë®üìù‚úîÔ∏è¬†#WorldEmojiDay,0.0,0.0,0.0,1.0,73
@CBS,Mon Aug 06 23:17:03 +0000 2018,üë©‚Äçüíºüíºüá∫üá∏¬†#WorldEmojiDay,0.0,0.0,0.0,1.0,74
@CBS,Mon Aug 06 23:17:03 +0000 2018,üïµÔ∏èüïµÔ∏è‚Äç‚ôÄÔ∏è¬†#WorldEmojiDay,0.0,0.0,0.0,1.0,75
@CBS,Mon Aug 06 23:17:03 +0000 2018,‚öìÔ∏èü¶Öüá∫üá∏¬†#WorldEmojiDay,0.0,0.0,0.0,1.0,76
@CBS,Mon Aug 06 23:17:03 +0000 2018,üèÑüå¥üöî¬†#WorldEmojiDay,0.0,0.0,0.0,1.0,77
@CBS,Mon Aug 06 23:17:03 +0000 2018,üíôüëÆüçΩ¬†#WorldEmojiDay,0.0,0.0,0.0,1.0,78
@CBS,Mon Aug 06 23:17:03 +0000 2018,üí£üìé¬†#WorldEmojiDay,0.0,0.0,0.0,1.0,79
@CBS,Mon Aug 06 23:17:03 +0000 2018,üåé‚òÑÔ∏è¬†#WorldEmojiDay,0.0,0.0,0.0,1.0,80
@CBS,Mon Aug 06 23:17:03 +0000 2018,üè∑üí∞üé∞¬†#WorldEmojiDay,0.0,0.0,0.0,1.0,81
@CBS,Mon Aug 06 23:17:03 +0000 2018,üë∂üò¥üö´¬†#WorldEmojiDay,0.0,0.0,0.0,1.0,82
@CBS,Mon Aug 06 23:17:03 +0000 2018,ü§ùüíºüí∞¬†#WorldEmojiDay,0.0,0.0,0.0,1.0,83
@CBS,Mon Aug 06 23:17:03 +0000 2018,üíÑüë†üì∑¬†#WorldEmojiDay,0.0,0.0,0.0,1.0,84
@CBS,Mon Aug 06 23:17:03 +0000 2018,üèùüî•üíµ¬†#WorldEmojiDay,0.0,0.0,0.0,1.0,85
@CBS,Mon Aug 06 23:17:03 +0000 2018,üêÆ‚öñÔ∏è¬†#WorldEmojiDay,0.0,0.0,0.0,1.0,86
@CBS,Mon Aug 06 23:17:03 +0000 2018,üè†üìπüìπüìπ¬†#WorldEmojiDay,0.0,0.0,0.0,1.0,87
@CBS,Mon Aug 06 23:17:03 +0000 2018,üë∂üí•üåéüî¨¬†#WorldEmojiDay,0.0,0.0,0.0,1.0,88
@CBS,Mon Aug 06 23:17:03 +0000 2018,üí•üåéüî¨¬†#WorldEmojiDay,0.0,0.0,0.0,1.0,89
@CBS,Mon Aug 06 23:17:03 +0000 2018,Celebrate #WorldEmojiDay with a fun game! Use the emoji sequences below to guess the CBS show. üëá Tweet your respons‚Ä¶ https://t.co/LCqvuVtkXK,0.807,0.3,0.0,0.7,90
@CBS,Mon Aug 06 23:17:03 +0000 2018,"Stand up. Speak up. Blow the whistle. 

Don't miss the premiere of the @TrueCrimeCBS series #Whistleblower tonight‚Ä¶ https://t.co/uNhx4Codc2",0.1139,0.078,0.0,0.922,91
@CBS,Mon Aug 06 23:17:03 +0000 2018,"RT @TheNeighborhood: There's a new family on the block, and they're about to turn this neighborhood upside down. @CedEntertainer and @Tichi‚Ä¶",-0.4404,0.0,0.132,0.868,92
@CBS,Mon Aug 06 23:17:03 +0000 2018,Take a walk down @YandR_CBS memory lane with stars @JessWaltonYR and Peter Bergman! You can watch full episodes of‚Ä¶ https://t.co/MZEUfiJJyb,0.0,0.0,0.0,1.0,93
@CBS,Mon Aug 06 23:17:03 +0000 2018,RT @TKOCBS: Prepare to have some major FUN. #TKO starts NOW! https://t.co/i2ftL6GCj5,0.6514,0.282,0.0,0.718,94
@CBS,Mon Aug 06 23:17:03 +0000 2018,"It‚Äôs fun, different, unique, and finally here! @TKOCBS hosted by @KevinHart4real premieres at 9/8c on CBS and‚Ä¶ https://t.co/MCeVLVK85i",0.5562,0.174,0.0,0.826,95
@CBS,Mon Aug 06 23:17:03 +0000 2018,"RT @MagnumPICBS: Talk about hands-on research! #MagnumPI's cast had the honor of joining the US Navy Submarine Force, US Pacific Fleet #Sub‚Ä¶",0.5411,0.143,0.0,0.857,96
@CBS,Mon Aug 06 23:17:03 +0000 2018,Time to mark your calendars! CBS' fall 2018 premiere lineup has been announced: https://t.co/yYv3H9aEO7 https://t.co/lRxAA7suie,0.0,0.0,0.0,1.0,97
@CBS,Mon Aug 06 23:17:03 +0000 2018,"RT @TKOCBS: The Ball Buster, the Frisboom, the Spike Launcher, and the Slammer‚Ä¶ Get to know all of the #TKO Battle Stations: https://t.co/2‚Ä¶",-0.3818,0.0,0.106,0.894,98
@CBS,Mon Aug 06 23:17:03 +0000 2018,"RT @cbsallaccess: How much does it cost to bury the truth? #OneDollar premieres August 30, exclusively on CBS All Access. https://t.co/2HdY‚Ä¶",0.3182,0.103,0.0,0.897,99
@CBS,Mon Aug 06 23:17:03 +0000 2018,"RT @SalvationCBS: Mark your calendars, #Salvies: Monday's new #SalvationCBS will air at a special time, 10/9c. https://t.co/RUh1J7cfj8",0.4019,0.153,0.0,0.847,100
@CNN,Mon Aug 06 23:17:03 +0000 2018,"Stung by the level of violence last weekend, Chicago officials pledged to deploy more officers in neighborhoods tha‚Ä¶ https://t.co/t0ok4BgZxF",-0.6249,0.0,0.186,0.814,1
@CNN,Mon Aug 06 23:17:03 +0000 2018,"Dubai now has its first commercial indoor vertical farm, which could change the food industry in years to come‚Ä¶ https://t.co/ogqSMFA7wp",0.0,0.0,0.0,1.0,2
@CNN,Mon Aug 06 23:17:03 +0000 2018,"RT @OutFrontCNN: Dir. of the University of Virginia Center for Politics, @LarrySabato, says President Trump is wrong to assume that the mid‚Ä¶",-0.4767,0.0,0.129,0.871,3
@CNN,Mon Aug 06 23:17:03 +0000 2018,"RT @CNNMoney: What's next for MoviePass? CEO Mitch Lowe will join CNN's Christine Romans on ""Markets Now"" on Wednesday for a live interview‚Ä¶",0.4019,0.156,0.0,0.844,4
@CNN,Mon Aug 06 23:17:03 +0000 2018,Disney CEO Bob Iger outlined some of his plans for Fox's assets during the company's first quarterly call since sha‚Ä¶ https://t.co/PJwS1V59iC,0.1779,0.078,0.0,0.922,5
@CNN,Mon Aug 06 23:17:03 +0000 2018,"PepsiCo CEO Indra Nooyi is stepping down in October, leaving just 24 Fortune 500 companies with women in the top ex‚Ä¶ https://t.co/HRNF4ahh4V",0.2023,0.079,0.0,0.921,6
@CNN,Mon Aug 06 23:17:03 +0000 2018,How MoviePass went from the talk of the entertainment industry to running out of cash in under a year‚Ä¶ https://t.co/3NIiVDOGIx,0.4215,0.135,0.0,0.865,7
@CNN,Mon Aug 06 23:17:03 +0000 2018,Billionaire Saudi Prince Alwaleed Bin Talal has announced that he invested $250 million in Snapchat to acquire a 2.‚Ä¶ https://t.co/P3jnAQ2YQ3,0.0,0.0,0.0,1.0,8
@CNN,Mon Aug 06 23:17:03 +0000 2018,"RT @OutFrontCNN: .@JohnKingCNN on crucial Ohio race: ‚ÄúIf Republicans lose this seat tonight there is going to be a panic in the party"" http‚Ä¶",-0.5106,0.094,0.209,0.697,9
@CNN,Mon Aug 06 23:17:03 +0000 2018,"President Trump ""should be treated like any other witness"" and should not be allowed to set the terms of his interv‚Ä¶ https://t.co/aT7Z30DovQ",0.3612,0.106,0.0,0.894,10
@CNN,Mon Aug 06 23:17:03 +0000 2018,Polls have closed in Ohio's special election for the 12th Congressional District. Follow live updates:‚Ä¶ https://t.co/YPyAZoP2Y1,0.4019,0.153,0.0,0.847,11
@CNN,Mon Aug 06 23:17:03 +0000 2018,Uber brings back a former Otto executive to lead Uber Freight https://t.co/1ctzB9dOPI https://t.co/aQjI9c4XtM,0.0,0.0,0.0,1.0,12
@CNN,Mon Aug 06 23:17:03 +0000 2018,Do you need to worry about wildfire smoke? Here is some advice for reducing your exposure risk and keeping yourself‚Ä¶ https://t.co/UGQSGPjeyI,-0.6124,0.0,0.208,0.792,13
@CNN,Mon Aug 06 23:17:03 +0000 2018,"Aardvark, the only paper straw maker in the US, increased sales by 5,000% last year as plastic straws started getti‚Ä¶ https://t.co/QZMCLzb9CI",0.2732,0.095,0.0,0.905,14
@CNN,Mon Aug 06 23:17:03 +0000 2018,"Vice President Mike Pence will visit the Pentagon on Thursday to discuss the future of the US military in space, in‚Ä¶ https://t.co/Dn6H7z7yjf",0.0,0.0,0.0,1.0,15
@CNN,Mon Aug 06 23:17:03 +0000 2018,There's a special election in Ohio and primaries in 4 other states today. Here's what you need to watch:‚Ä¶ https://t.co/egISelZJLM,0.4019,0.137,0.0,0.863,16
@CNN,Mon Aug 06 23:17:03 +0000 2018,"In the shadowy world of mail fraud, suckers lists are an essential commodity. Here's how to get off a scammer's suc‚Ä¶ https://t.co/Lo0jnFM3D4",-0.7964,0.0,0.272,0.728,17
@CNN,Mon Aug 06 23:17:03 +0000 2018,The special election in Ohio's 12th Congressional District is the final test for the Republican and Democratic part‚Ä¶ https://t.co/PdGsQeGgsH,0.4019,0.13,0.0,0.87,18
@CNN,Mon Aug 06 23:17:03 +0000 2018,These male cheerleaders are about to make NFL history as they prepare to dance on squads for the Los Angeles Rams a‚Ä¶ https://t.co/Ta9If2uXIn,0.296,0.091,0.0,0.909,19
@CNN,Mon Aug 06 23:17:03 +0000 2018,"It started, as so many Tesla stories do, with a tweet from Elon Musk. 

But even for him, this was stunning.‚Ä¶ https://t.co/j3qdukFw9t",0.0,0.0,0.0,1.0,20
@CNN,Mon Aug 06 23:17:03 +0000 2018,RT @CNNSitRoom: Former homeland security adviser Lisa Monaco says the current Trump administration's effort against Russian meddling isn't‚Ä¶,0.34,0.124,0.0,0.876,21
@CNN,Mon Aug 06 23:17:03 +0000 2018,4 key things to watch for in Ohio's 12th District tonight | Analysis by @CillizzaCNN https://t.co/FwClTJ2Eul https://t.co/3zo5WEhmST,0.0,0.0,0.0,1.0,22
@CNN,Mon Aug 06 23:17:03 +0000 2018,"LIVE NOW: Anderson Cooper Full Circle, a daily interactive news show airing on Facebook Watch‚Ä¶ https://t.co/82wTgavLMI",0.0,0.0,0.0,1.0,23
@CNN,Mon Aug 06 23:17:03 +0000 2018,GOP Sen. Lindsey Graham says he advised President Trump not to halt special counsel Robert Mueller's investigation‚Ä¶ https://t.co/jdNcSdl8ld,-0.3089,0.0,0.117,0.883,24
@CNN,Mon Aug 06 23:17:03 +0000 2018,"RT @CNNSitRoom: ""The President is duty bound to answer any questions that the special counsel may ask."" - Democratic Rep. Jerry Nadler beli‚Ä¶",0.4019,0.114,0.0,0.886,25
@CNN,Mon Aug 06 23:17:03 +0000 2018,Black women are dominating magazine covers this month https://t.co/ZA7KhL9Ke1 https://t.co/LDUWoY2l2F,-0.296,0.0,0.196,0.804,26
@CNN,Mon Aug 06 23:17:03 +0000 2018,RT @CNNSitRoom: CNN's Brian Todd reports on how US Intelligence officials might be able to learn what was said at Trump-Putin meeting. http‚Ä¶,0.4767,0.124,0.0,0.876,27
@CNN,Mon Aug 06 23:17:03 +0000 2018,Papa John's blames Papa John for big sales decline https://t.co/TjyXlpFhZ1 https://t.co/3VsHeZpzSd,-0.4019,0.0,0.213,0.787,28
@CNN,Mon Aug 06 23:17:03 +0000 2018,Former Vice President Joe Biden launches LBGTQ family acceptance campaign https://t.co/g9hqfDpif2 https://t.co/8fAr6nACVY,0.4588,0.214,0.0,0.786,29
@CNN,Mon Aug 06 23:17:03 +0000 2018,"LIVE NOW: Anderson Cooper Full Circle, a daily interactive news show airing on Facebook Watch‚Ä¶ https://t.co/zt8Yrtv1PY",0.0,0.0,0.0,1.0,30
@CNN,Mon Aug 06 23:17:03 +0000 2018,Employers are getting more involved in their workers' health care in order to keep costs under control‚Ä¶ https://t.co/Pik6b2UzJO,0.4939,0.158,0.0,0.842,31
@CNN,Mon Aug 06 23:17:03 +0000 2018,The Trump administration unveils a list of roughly $16 billion worth of imports from China that will be hit with 25‚Ä¶ https://t.co/rjqP4Q24N5,0.2263,0.087,0.0,0.913,32
@CNN,Mon Aug 06 23:17:03 +0000 2018,"RT @CNNSitRoom: President Trump blames ""bad environmental laws"" for California wildfires, but that claim has state and local officials baff‚Ä¶",-0.4767,0.0,0.186,0.814,33
@CNN,Mon Aug 06 23:17:03 +0000 2018,"Paul Manafort's longtime deputy Rick Gates admitted in court to having an extramarital affair a decade ago, and he‚Ä¶ https://t.co/wgXBSsyCtW",0.1027,0.072,0.0,0.928,34
@CNN,Mon Aug 06 23:17:03 +0000 2018,"RT @TheLeadCNN: Fmr. Chief of Staff for Sen. McConnell, @HolmesJosh, talks about Ohio's special election: ""There is literally no more diffi‚Ä¶",0.128,0.113,0.092,0.795,35
@CNN,Mon Aug 06 23:17:03 +0000 2018,Attack of the assassin drones | By Peter Bergen via @CNNOpinion https://t.co/kJA5WdKxsJ https://t.co/d5Z7fUDrFr,-0.4767,0.0,0.22,0.78,36
@CNN,Mon Aug 06 23:17:03 +0000 2018,New Zealand is upping the ante with a new attraction that turns you into a human slingshot https://t.co/F4VwJwzLVl https://t.co/IAlW7SnNGc,0.4588,0.158,0.0,0.842,37
@CNN,Mon Aug 06 23:17:03 +0000 2018,"Sen. Dianne Feinstein is ""alarmed"" by the National Archives decision to deny document requests on President Trump's‚Ä¶ https://t.co/zklugj6TFo",-0.34,0.0,0.124,0.876,38
@CNN,Mon Aug 06 23:17:03 +0000 2018,Europe's heat wave uncovers a hidden past https://t.co/KFjI5LZsyk https://t.co/DFQp90dvQ4,0.0,0.0,0.0,1.0,39
@CNN,Mon Aug 06 23:17:03 +0000 2018,Federal prosecutors investigating President Trump's former personal attorney Michael Cohen have subpoenaed his form‚Ä¶ https://t.co/DMc0RYcfM0,0.0,0.0,0.0,1.0,40
@CNN,Mon Aug 06 23:17:03 +0000 2018,North Korea's foreign minister visits Iran as the US reimposes sanctions https://t.co/J9TvIHduap https://t.co/ClwaieRuk5,0.0,0.0,0.0,1.0,41
@CNN,Mon Aug 06 23:17:03 +0000 2018,"RT @CNNnewsroom: ""Lets have the men in our lives support us like the women,"" says @PoppyHarlowCNN talking about postpartum struggles with @‚Ä¶",0.4019,0.195,0.094,0.712,42
@CNN,Mon Aug 06 23:17:03 +0000 2018,"Snapchat's parent company reports $262 million in quarterly revenue, a 44% increase year over year despite its firs‚Ä¶ https://t.co/0NDUxJpGSE",0.3182,0.119,0.0,0.881,43
@CNN,Mon Aug 06 23:17:03 +0000 2018,The Tokyo 2020 Olympic committee said it will use facial recognition to improve safety and speed up security lines‚Ä¶ https://t.co/t4CrCn3lnt,0.7964,0.323,0.0,0.677,44
@CNN,Mon Aug 06 23:17:03 +0000 2018,Elon Musk says going private is the ‚Äúbest path forward‚Äù for Tesla. But CNNMoney's @LaMonicaBuzz says he has difficu‚Ä¶ https://t.co/WdmMrCRLSw,0.0,0.0,0.0,1.0,45
@CNN,Mon Aug 06 23:17:03 +0000 2018,RT @TheLeadCNN: CNN Senior White House Correspondent @jeffzeleny details the possibility of President Trump meeting with Special Counsel Ro‚Ä¶,0.4019,0.13,0.0,0.87,46
@CNN,Mon Aug 06 23:17:03 +0000 2018,JUST IN: The remains of a young boy were found on a New Mexico compound where 11 emaciated children were found last‚Ä¶ https://t.co/UVZEUdioFr,0.0,0.0,0.0,1.0,47
@CNN,Mon Aug 06 23:17:03 +0000 2018,"- 619,000 acres burned.
- 2,000 structures damaged or destroyed.
- Nearly 36,000 residents evacuated.

Here's a loo‚Ä¶ https://t.co/doRKKCkP1p",-0.7269,0.0,0.319,0.681,48
@CNN,Mon Aug 06 23:17:03 +0000 2018,The White House details the renovations that will take place while President Trump is in Bedminster‚Ä¶ https://t.co/eYUjz5WgZX,0.0,0.0,0.0,1.0,49
@CNN,Mon Aug 06 23:17:03 +0000 2018,President Trump's national security adviser John Bolton said the administration does not feel North Korea is living‚Ä¶ https://t.co/zvMRbm5Jz4,0.34,0.124,0.0,0.876,50
@CNN,Mon Aug 06 23:17:03 +0000 2018,"LeBron James will executive-produce a three-part docuseries for Showtime called ""Shut Up and Dribble,"" about the ev‚Ä¶ https://t.co/lTjON1cqWb",0.0,0.0,0.0,1.0,51
@CNN,Mon Aug 06 23:17:03 +0000 2018,"RT @CNNnewsroom: As firefighters battle CA's biggest wildfire, former fireman Brendan McDonough explains how ""tough"" it is on the frontline‚Ä¶",-0.3818,0.0,0.12,0.88,52
@CNN,Mon Aug 06 23:17:03 +0000 2018,"Scientists are warning that the Earth could face ""hothouse"" conditions and higher sea levels if global temperatures‚Ä¶ https://t.co/C9Dbr4WEHl",-0.34,0.0,0.124,0.876,53
@CNN,Mon Aug 06 23:17:03 +0000 2018,"RT @CNNnewsroom: ""Bolton is speaking the truth, that the Emperor has no clothes, that this agreement is not actually resulting in denuclear‚Ä¶",0.5927,0.222,0.081,0.697,54
@CNN,Mon Aug 06 23:17:03 +0000 2018,City of West Hollywood calls for Trump Walk of Fame star to be removed https://t.co/Z5GWvOazaU https://t.co/HPVCpXxvN9,0.4404,0.162,0.0,0.838,55
@CNN,Mon Aug 06 23:17:03 +0000 2018,"RT @CNNnewsroom: ""I think Donald Trump is the ultimate target of all these investigations"" says Trump biographer Michael D'Antonio, adding‚Ä¶",0.0,0.0,0.0,1.0,56
@CNN,Mon Aug 06 23:17:03 +0000 2018,"Elon Musk says he may take Tesla private, stunning investors and causing the company stock price to soar‚Ä¶ https://t.co/1F9xFZ5JJJ",0.3818,0.126,0.0,0.874,57
@CNN,Mon Aug 06 23:17:03 +0000 2018,White House can't ‚Äî or won't ‚Äî explain President Trump's wildfire tweets https://t.co/VrSx63MC2O https://t.co/jxRqsbTGAr,0.0,0.0,0.0,1.0,58
@CNN,Mon Aug 06 23:17:03 +0000 2018,"""We are starving and need food and water."" The rescue of 11 hungry children in Amalia, New Mexico, began with a mys‚Ä¶ https://t.co/751gsGEl4Q",0.128,0.126,0.107,0.766,59
@CNN,Mon Aug 06 23:17:03 +0000 2018,Read Elon Musk's email to Tesla employees after the CEO started a firestorm when he tweeted that he had secured fun‚Ä¶ https://t.co/C770UzJA4C,0.4019,0.119,0.0,0.881,60
@CNN,Mon Aug 06 23:17:03 +0000 2018,"RT @CNNMoney: Dow closes up 127 points, S&amp;P 500 and Nasdaq up 0.3% apiece. Tesla soars 11% after Elon Musk says he wants to take the compan‚Ä¶",0.0,0.0,0.0,1.0,61
@CNN,Mon Aug 06 23:17:03 +0000 2018,Rick Gates testifies that Paul Manafort recommended a banker who allegedly loaned him money under false pretenses b‚Ä¶ https://t.co/cMzBxGTbMK,0.2023,0.096,0.0,0.904,62
@CNN,Mon Aug 06 23:17:03 +0000 2018,"After the jury was dismissed in former Trump campaign chairman Paul Manafort's trial Monday evening, Judge T.S. Ell‚Ä¶ https://t.co/duBdOd5ODk",0.0,0.0,0.0,1.0,63
@CNN,Mon Aug 06 23:17:03 +0000 2018,"China is beating the United States at building the architecture of 5G, putting up about 350,000 cell sites since 20‚Ä¶ https://t.co/SbnRzQQ6iB",-0.0516,0.113,0.121,0.766,64
@CNN,Mon Aug 06 23:17:03 +0000 2018,"Limit screen time to protect your child's heart, the American Heart Association says https://t.co/TYG5QHKH0N https://t.co/RjFDQlx7Du",0.3818,0.157,0.0,0.843,65
@CNN,Mon Aug 06 23:17:03 +0000 2018,What authorities found inside the New Mexico compound https://t.co/gFuEvqC052 https://t.co/t1FaA8xwfj,0.0,0.0,0.0,1.0,66
@CNN,Mon Aug 06 23:17:03 +0000 2018,American Airlines discovers apparent fetus in plane bathroom https://t.co/a189e0YfwW https://t.co/Tj5c4K2Xgy,0.0,0.0,0.0,1.0,67
@CNN,Mon Aug 06 23:17:03 +0000 2018,"RT @CNNnewsroom: CNN Political Director @davidchalian gives us three things to watch for in tonight's special elections in Kansas, Michigan‚Ä¶",0.4019,0.124,0.0,0.876,68
@CNN,Mon Aug 06 23:17:03 +0000 2018,Disney already won the battle to purchase most of 21st Century Fox. But media merger mania isn't over just yet.‚Ä¶ https://t.co/jWKa7kXCzW,0.2732,0.146,0.103,0.751,69
@CNN,Mon Aug 06 23:17:03 +0000 2018,The first hurricane hunting mission piloted by an all-female flight crew marked a major milestone for the National‚Ä¶ https://t.co/91aGdPAch9,0.0,0.0,0.0,1.0,70
@CNN,Mon Aug 06 23:17:03 +0000 2018,"Fans gather to celebrate black culture and ""Black Panther"" at inaugural WakandaCon https://t.co/335zJMpHbs https://t.co/Gk3SJcZekV",0.5719,0.222,0.0,0.778,71
@CNN,Mon Aug 06 23:17:03 +0000 2018,"Spike Lee says he hopes his new film, ""BlacKkKlansman,"" makes Donald Trump a one-term President‚Ä¶ https://t.co/pCI6ruSK1a",0.4215,0.167,0.0,0.833,72
@CNN,Mon Aug 06 23:17:03 +0000 2018,The US military is transferring some ISIS detainees from Syria to their home countries https://t.co/FuKWvrWl2g https://t.co/GDi2VLV1ah,0.0,0.0,0.0,1.0,73
@CNN,Mon Aug 06 23:17:03 +0000 2018,White House adviser Stephen Miller is pushing to expedite a policy that could penalize legal immigrants whose famil‚Ä¶ https://t.co/pKKZpae1AX,0.128,0.081,0.0,0.919,74
@CNN,Mon Aug 06 23:17:03 +0000 2018,"1 in 7 babies prenatally exposed to Zika has health problems, the US Centers for Disease Control and Prevention say‚Ä¶ https://t.co/Y5YWPWFLJI",-0.4588,0.0,0.19,0.81,75
@CNN,Mon Aug 06 23:17:03 +0000 2018,"Video proof that Trump's 2016 campaign script, including bashing John McCain, was already written in 1999 | Analysi‚Ä¶ https://t.co/ULzavSTmQQ",0.0,0.0,0.0,1.0,76
@CNN,Mon Aug 06 23:17:03 +0000 2018,"President Trump's former lawyer, Michael Cohen, is under federal investigation for tax fraud after possibly underre‚Ä¶ https://t.co/g1Oz0lkqcj",-0.5859,0.0,0.192,0.808,77
@CNN,Mon Aug 06 23:17:03 +0000 2018,"President Trump's giveaway to Big Oil will accelerate climate change, writes Leah C. Stokes for @CNNOpinion‚Ä¶ https://t.co/4b5B2cB0rA",0.0,0.0,0.0,1.0,78
@CNN,Mon Aug 06 23:17:03 +0000 2018,"The Airlander 10, the world's longest aircraft, has an interior to rival that of a luxury hotel or cruise liner‚Ä¶ https://t.co/UtyLbm1QVt",0.0,0.0,0.0,1.0,79
@CNN,Mon Aug 06 23:17:03 +0000 2018,President Trump will blame anything but climate change for the California wildfires https://t.co/jJ4beg21eJ | Analy‚Ä¶ https://t.co/UrDoBFt0ut,-0.1779,0.0,0.108,0.892,80
@CNN,Mon Aug 06 23:17:03 +0000 2018,Plastic straws are out. These companies are cashing in https://t.co/zLabu2dKJr https://t.co/VU7mfrkR7a,0.0,0.0,0.0,1.0,81
@CNN,Mon Aug 06 23:17:03 +0000 2018,Elon Musk says he's considering taking Tesla private https://t.co/ATRppoaI1w https://t.co/7CMZtLef3N,0.0,0.0,0.0,1.0,82
@CNN,Mon Aug 06 23:17:03 +0000 2018,Hollywood heavyweights back call for better practices in telling of trans stories https://t.co/vMvTwfHYdY https://t.co/Z6MRojwnrC,0.4404,0.182,0.0,0.818,83
@CNN,Mon Aug 06 23:17:03 +0000 2018,"Zillow buys a mortgage lender, and the stock tanks https://t.co/qT8P9wW3QX https://t.co/VGp5bFki8H",0.0,0.0,0.0,1.0,84
@CNN,Mon Aug 06 23:17:03 +0000 2018,Rick Gates' testimony in the Paul Manafort trial should teach the rest of the Trump campaign universe an important‚Ä¶ https://t.co/aPORD6wd8J,0.0,0.0,0.0,1.0,85
@CNN,Mon Aug 06 23:17:03 +0000 2018,"Finally, 11 months after Maria, power is restored in Puerto Rico ‚Äî except for 25 customers https://t.co/LsoPHIojzB https://t.co/q45hTFJom9",0.34,0.13,0.0,0.87,86
@CNN,Mon Aug 06 23:17:03 +0000 2018,"""Documenting Hate"" revisits Charlottesville violence one year later https://t.co/j4SSlsl9f7 https://t.co/izV1Z3sXqY",-0.8316,0.0,0.494,0.506,87
@CNN,Mon Aug 06 23:17:03 +0000 2018,Argentina braces for abortion vote in Pope's homeland https://t.co/t5pz2peYAw https://t.co/gVa9Hrz6tw,0.0,0.0,0.0,1.0,88
@CNN,Mon Aug 06 23:17:03 +0000 2018,"Strange ""rogue planet"" travels through space alone https://t.co/kHypwDfM70 https://t.co/7Je1xOzFd1",-0.4215,0.0,0.352,0.648,89
@CNN,Mon Aug 06 23:17:03 +0000 2018,These male cheerleaders are about to make NFL history as they prepare to dance on squads for the Los Angeles Rams a‚Ä¶ https://t.co/Pgp98GSqHp,0.296,0.091,0.0,0.909,90
@CNN,Mon Aug 06 23:17:03 +0000 2018,Rashida Tlaib could be the first Muslim woman in Congress ‚Äî but she has to defeat a crowded field of Democrats firs‚Ä¶ https://t.co/VVNcwuUDl1,-0.6124,0.0,0.167,0.833,91
@CNN,Mon Aug 06 23:17:03 +0000 2018,Iranians react to US sanctions as new reality begins to bite https://t.co/taZP73Yswt https://t.co/p9Ag8n1LEB,0.0,0.0,0.0,1.0,92
@CNN,Mon Aug 06 23:17:03 +0000 2018,How Indra Nooyi built Pepsi for the future https://t.co/3vukFcXgxu https://t.co/8ZE6UwKKiV,0.0,0.0,0.0,1.0,93
@CNN,Mon Aug 06 23:17:03 +0000 2018,Black women are dominating magazine covers this month https://t.co/2f9vYadZhs https://t.co/8jZtGxyq1o,-0.296,0.0,0.196,0.804,94
@CNN,Mon Aug 06 23:17:03 +0000 2018,Former Vice President Joe Biden launches LBGTQ family acceptance campaign https://t.co/amck0UgzJS https://t.co/GavKVd0i0T,0.4588,0.214,0.0,0.786,95
@CNN,Mon Aug 06 23:17:03 +0000 2018,Nigeria's vice president fires intelligence chief over blockade of parliament https://t.co/1Yact0kxhg https://t.co/JonTXmRDDd,0.4767,0.22,0.0,0.78,96
@CNN,Mon Aug 06 23:17:03 +0000 2018,Investors may be overreacting to Weight Watcher's subscriber dip https://t.co/Vdt1S1UaOK https://t.co/aoBYC0Sv6N,0.0,0.0,0.0,1.0,97
@CNN,Mon Aug 06 23:17:03 +0000 2018,Europe's heat wave uncovers a hidden past https://t.co/ILjnF5DM4a https://t.co/Mxe8K88Lny,0.0,0.0,0.0,1.0,98
@CNN,Mon Aug 06 23:17:03 +0000 2018,"Summers off? Yes, please! This company lets you pick your own perks https://t.co/9Rkc52ejvc https://t.co/1C5Bk9exKM",0.6476,0.306,0.0,0.694,99
@CNN,Mon Aug 06 23:17:03 +0000 2018,Lombok earthquake death toll rises to at least 105 amid search for survivors https://t.co/wTYQ8vWso2 https://t.co/YebJklUJGw,-0.5994,0.0,0.218,0.782,100
@Fox,Mon Aug 06 23:17:03 +0000 2018,RT @6Gems: Black women are paid 38% less than white men. I support equal pay‚Äîbecause #38PercentCounts. https://t.co/mXFOdcL8Q3,0.4019,0.153,0.0,0.847,1
@Fox,Mon Aug 06 23:17:03 +0000 2018,"If you‚Äôre up for a conference-grade talk about UX and groundbreaking performance strategies, come to see‚Ä¶ https://t.co/x2sghiw62F",0.0,0.0,0.0,1.0,2
@Fox,Mon Aug 06 23:17:03 +0000 2018,"RT @Calibreapp: Scheduler 2.0

Our longest standing feature request was to improve Calibre‚Äôs test scheduler. That‚Äôs exactly what we‚Äôve done‚Ä¶",0.4404,0.132,0.0,0.868,3
@Fox,Mon Aug 06 23:17:03 +0000 2018,"RT @fox: Hey #dddperth, here are the slides with all the references from my keynote about building a welcoming, ethical Web! Transcript com‚Ä¶",0.7574,0.245,0.0,0.755,4
@Fox,Mon Aug 06 23:17:03 +0000 2018,"@LNRBLB thank you, Eleanor! üéâ",0.4199,0.482,0.0,0.518,5
@Fox,Mon Aug 06 23:17:03 +0000 2018,@cckate thank you! üíñ,0.4199,0.583,0.0,0.417,6
@Fox,Mon Aug 06 23:17:03 +0000 2018,"Hey #dddperth, here are the slides with all the references from my keynote about building a welcoming, ethical Web!‚Ä¶ https://t.co/hPilGINzyI",0.7574,0.276,0.0,0.724,7
@Fox,Mon Aug 06 23:17:03 +0000 2018,"@Chisa omg, this is so great! thank you, Teresa! üòç",0.8626,0.551,0.0,0.449,8
@Fox,Mon Aug 06 23:17:03 +0000 2018,RT @andreabedini: I am extremely grateful to @fox for showing me today how technology became anti-human while we weren‚Äôt paying attention.‚Ä¶,0.5095,0.148,0.0,0.852,9
@Fox,Mon Aug 06 23:17:03 +0000 2018,"@andreabedini thank you, Andrea! I‚Äôm glad you‚Äôve found it useful!",0.8395,0.562,0.0,0.438,10
@Fox,Mon Aug 06 23:17:03 +0000 2018,"@evandotly thank you, Evan! üå∏",0.4199,0.482,0.0,0.518,11
@Fox,Mon Aug 06 23:17:03 +0000 2018,RT @msandfor: #dddperth We must build ethical thinking into the way we build software https://t.co/F4QKYOVT1p,0.5106,0.191,0.0,0.809,12
@Fox,Mon Aug 06 23:17:03 +0000 2018,RT @MichelePlayfair: Thread ‚òùÔ∏è‚òùÔ∏è 8 principles of ethics in tech from @fox at #DDDPerth üëè,0.0,0.0,0.0,1.0,13
@Fox,Mon Aug 06 23:17:03 +0000 2018,@samwilson yes :),0.6908,0.851,0.0,0.149,14
@Fox,Mon Aug 06 23:17:03 +0000 2018,"RT @Amys_Kapers: Until anyone can survive and thrive on the web, no matter their background, gender, ethnicity, etc, the web isn't a welcom‚Ä¶",-0.2732,0.047,0.094,0.858,15
@Fox,Mon Aug 06 23:17:03 +0000 2018,RT @MichelePlayfair: . @fox dropping the keynote truth bombs at #dddperth https://t.co/RKAgOSozMB,0.3182,0.187,0.0,0.813,16
@Fox,Mon Aug 06 23:17:03 +0000 2018,"RT @Mandy_Kerr: ‚ÄúDisruption isn‚Äôt a getaway free card to bypass laws, freedoms, moral compass, civil rights and human protections‚Äù - @fox #‚Ä¶",0.6705,0.234,0.0,0.766,17
@Fox,Mon Aug 06 23:17:03 +0000 2018,RT @Chisa: TOO much good stuff from @Fox @dddperth #dddperth https://t.co/XVI1DHGQdd,0.4404,0.225,0.0,0.775,18
@Fox,Mon Aug 06 23:17:03 +0000 2018,RT @kylietimpani: I cannot applaud or amplify @fox‚Äôs message enough: the web is at a crisis point. Tech is unethical. Exclusionary. A platf‚Ä¶,-0.8714,0.0,0.368,0.632,19
@Fox,Mon Aug 06 23:17:03 +0000 2018,RT @Caiwrote: @fox laying down some truths #DDDPerth https://t.co/o2eJNcU5UQ,0.4215,0.259,0.0,0.741,20
@Fox,Mon Aug 06 23:17:03 +0000 2018,"RT @Mandy_Kerr: ‚ÄúTechnology should be a mindful, quiet companion to our lives‚Äù - @fox #DDDPerth https://t.co/vB6wBAdqvr",0.0,0.0,0.0,1.0,21
@Fox,Mon Aug 06 23:17:03 +0000 2018,"RT @LJKenward: Opening #DDDPerth is the incredible @fox with Towards a welcoming Web.

The Pitfalls of Technology:

Move fast and break thi‚Ä¶",0.4404,0.127,0.0,0.873,22
@Fox,Mon Aug 06 23:17:03 +0000 2018,I forgot that Twitter is the epicentre of harassment and anxiety-inducing content. Back to sharing via Buffer and n‚Ä¶ https://t.co/jiBOURbIKk,-0.1779,0.12,0.15,0.73,23
@Fox,Mon Aug 06 23:17:03 +0000 2018,"RT @evan_greer: Sarah Jeong is a badass &amp; reverse racism is not a thing
 Sarah Jeong is a badass &amp; reverse racism is not a thing
 Sarah Jeo‚Ä¶",-0.886,0.0,0.363,0.637,24
@Fox,Mon Aug 06 23:17:03 +0000 2018,"It‚Äôs a privilege to be opening #dddperth tomorrow morning! Come and find out how to build an ethical, welcoming Web‚Ä¶ https://t.co/eC1xTFZ3YR",0.8398,0.346,0.0,0.654,25
@Fox,Mon Aug 06 23:17:03 +0000 2018,RT @verge: A note from the editors of The Verge https://t.co/B3wF4dNukg https://t.co/fhgvH9WlkC,0.0,0.0,0.0,1.0,26
@Fox,Mon Aug 06 23:17:03 +0000 2018,"What are your favourite newsletters covering the following subjects: tech, design, front-end, culture, design objects, travel, well-being?",0.0,0.0,0.0,1.0,27
@Fox,Mon Aug 06 23:17:03 +0000 2018,"@soxyface Thank you, it was lovely meeting you! üíê",0.7644,0.524,0.0,0.476,28
@Fox,Mon Aug 06 23:17:03 +0000 2018,"@sentience Thank you! I really enjoyed yours too! 

I‚Äôm doing a 45-min version at @DDDPerth this weekend that has m‚Ä¶ https://t.co/Drn3ODuLx2",0.7702,0.282,0.0,0.718,29
@Fox,Mon Aug 06 23:17:03 +0000 2018,@soxyface @MsJonesInSydney here are the slides with all the references. üôáüèª‚Äç‚ôÄÔ∏è I will publish a transcript next week! https://t.co/EcSUpoi0Rw,0.0,0.0,0.0,1.0,30
@Fox,Mon Aug 06 23:17:03 +0000 2018,@marcosc thank you! üôáüèª‚Äç‚ôÄÔ∏è,0.4199,0.482,0.0,0.518,31
@Fox,Mon Aug 06 23:17:03 +0000 2018,"RT @MsJonesInSydney: The theme at #Code18 #CodeLeaders is strong! @fox is currently highlighting algorithmic bias, tech ethics and exclusio‚Ä¶",0.4926,0.163,0.064,0.773,32
@Fox,Mon Aug 06 23:17:03 +0000 2018,"@DivZero_ indeed, it‚Äôs all challenging and often depressing, but if we don‚Äôt take action it won‚Äôt get any better. i‚Ä¶ https://t.co/lldW02OHPv",0.5187,0.206,0.072,0.721,33
@Fox,Mon Aug 06 23:17:03 +0000 2018,"So refreshing to hear @johnallsopp reminding about inclusion, diversity and sharing knowledge around these subjects‚Ä¶ https://t.co/Ink4d4W7m5",0.4215,0.157,0.0,0.843,34
@Fox,Mon Aug 06 23:17:03 +0000 2018,"Well, @msjonesinsydney definitely knows how to drop the mic on horrifying diversity and inclusion stats. 

A fantas‚Ä¶ https://t.co/GeLolnfgEm",-0.25,0.203,0.246,0.551,35
@Fox,Mon Aug 06 23:17:03 +0000 2018,@benschwarz nooo pressure whatsoever,-0.296,0.0,0.423,0.577,36
@Fox,Mon Aug 06 23:17:03 +0000 2018,That moment when a white guy says ‚Äùthere aren‚Äôt many women developers‚Äù and you cross eyes with any other woman in t‚Ä¶ https://t.co/033oMUbEl8,0.0,0.0,0.0,1.0,37
@Fox,Mon Aug 06 23:17:03 +0000 2018,@Mandy_Kerr the winds have been gracious,0.5574,0.419,0.0,0.581,38
@Fox,Mon Aug 06 23:17:03 +0000 2018,@soxyface thank you! I‚Äôm hydrating ‚õ≤Ô∏è,0.4199,0.358,0.0,0.642,39
@Fox,Mon Aug 06 23:17:03 +0000 2018,"I‚Äôll be speaking at @webdirections Code Leaders today at 3.30pm (if I don‚Äôt lose my voice in the meantime üòÇü§ß).

Com‚Ä¶ https://t.co/oh0yLrEE0F",-0.4019,0.0,0.119,0.881,40
@Fox,Mon Aug 06 23:17:03 +0000 2018,One of the reasons I‚Äôm so excited to be a part of @helpscout is the commitment to building an inclusive culture wit‚Ä¶ https://t.co/6H6GDJ1TON,0.6924,0.222,0.0,0.778,41
@Fox,Mon Aug 06 23:17:03 +0000 2018,More Boston snaps. https://t.co/NCcWPSV8yX,0.0,0.0,0.0,1.0,42
@Fox,Mon Aug 06 23:17:03 +0000 2018,"RT @helpscout: Said it once, we'll keep saying it: we are thrilled to add you to the team @fox! ü¶ä https://t.co/bKc6GSq6tR",0.4926,0.144,0.0,0.856,43
@Fox,Mon Aug 06 23:17:03 +0000 2018,"@mattopsahl lol, offensive",-0.0516,0.412,0.441,0.147,44
@Fox,Mon Aug 06 23:17:03 +0000 2018,"@tompedals yay, hello, hi! üëãüèª",0.5707,0.48,0.0,0.52,45
@Fox,Mon Aug 06 23:17:03 +0000 2018,"@madalynrose thanks, Madalyn. üíñ",0.4404,0.592,0.0,0.408,46
@Fox,Mon Aug 06 23:17:03 +0000 2018,"@andymcmillan weee, thank you!!",0.4738,0.507,0.0,0.493,47
@Fox,Mon Aug 06 23:17:03 +0000 2018,@jennwrites üíñüíñüíñ,0.0,0.0,0.0,1.0,48
@Fox,Mon Aug 06 23:17:03 +0000 2018,@paulozoom thank you! it is awesome :),0.8718,0.712,0.0,0.288,49
@Fox,Mon Aug 06 23:17:03 +0000 2018,@brianloveswords thank you üôáüèª‚Äç‚ôÄÔ∏è,0.3612,0.455,0.0,0.545,50
@Fox,Mon Aug 06 23:17:03 +0000 2018,"@patrickhamann thanks, Patrick! üíñ",0.4926,0.615,0.0,0.385,51
@Fox,Mon Aug 06 23:17:03 +0000 2018,@lynnandtonic thank you and I will miss you!,0.2942,0.297,0.17,0.532,52
@Fox,Mon Aug 06 23:17:03 +0000 2018,"@patrickbjohnson nah, only here for a week. travelling alone so don‚Äôt want to make it a very long trip (hashtag anx‚Ä¶ https://t.co/sdzeg7AUmr",-0.2075,0.072,0.155,0.773,53
@Fox,Mon Aug 06 23:17:03 +0000 2018,"@lrnrd thanks, bb üíñ",0.4404,0.592,0.0,0.408,54
@Fox,Mon Aug 06 23:17:03 +0000 2018,"@jstn Oh yeah, Coava, Stumptown and Good Coffee are my long standing favs!",0.6588,0.329,0.0,0.671,55
@Fox,Mon Aug 06 23:17:03 +0000 2018,"I‚Äôm so spoiled by Melbourne standards I literally cannot drink this liquid that was just served to me as coffee

üòÇüíÄ",0.0,0.0,0.0,1.0,56
@Fox,Mon Aug 06 23:17:03 +0000 2018,"I‚Äôm excited to share that today is my first day at @helpscout as a front-end engineer on the design team, which is‚Ä¶ https://t.co/LrW8L2lBcq",0.5574,0.187,0.0,0.813,57
@Fox,Mon Aug 06 23:17:03 +0000 2018,"Here lies Karolina, defeated by jetlag after mere three hours of sleep.",-0.7096,0.0,0.371,0.629,58
@Fox,Mon Aug 06 23:17:03 +0000 2018,@andrewvijay Everywhere to be honest. That particular one was in the US. That mostly doesn‚Äôt happen in Australia.,0.5106,0.163,0.0,0.837,59
@Fox,Mon Aug 06 23:17:03 +0000 2018,@mctrebo Boston,0.0,0.0,0.0,1.0,60
@Fox,Mon Aug 06 23:17:03 +0000 2018,"@LukesBeard It‚Äôs the most annoying thing that all social media, including Instagram, butchers the quality of photos‚Ä¶ https://t.co/7y8A7IuLcT",-0.4576,0.0,0.15,0.85,61
@Fox,Mon Aug 06 23:17:03 +0000 2018,"‚ÄúPerks‚Äù of traveling alone as a woman: being called ‚Äúhoney‚Äù in all restaurants/stores, being grabbed by the arm by‚Ä¶ https://t.co/ziCifcCI2x",-0.25,0.0,0.1,0.9,62
@Fox,Mon Aug 06 23:17:03 +0000 2018,@mattopsahl Oh! I did go to the Boston Common and Public Garden :) will check it out!,0.555,0.193,0.0,0.807,63
@Fox,Mon Aug 06 23:17:03 +0000 2018,@amyngyn tbh I specifically look for ‚Äúhealthy‚Äù recipes because I don‚Äôt want all of the sugar / butter / cream in my‚Ä¶ https://t.co/tEki0zBt8v,0.0772,0.067,0.0,0.933,64
@Fox,Mon Aug 06 23:17:03 +0000 2018,"Horribly jet lagged and battling anxiety, but Boston sure is pretty. ‚ù§Ô∏è https://t.co/IYfWZjvqLe",0.5499,0.346,0.32,0.334,65
@Fox,Mon Aug 06 23:17:03 +0000 2018,@jilljubs Omg me too but I‚Äôm also afraid,0.0,0.0,0.0,1.0,66
@Fox,Mon Aug 06 23:17:03 +0000 2018,"Excited to be going to @xoxo this year with @benschwarz! Portland holds a dear place in my heart. 

Can‚Äôt wait to c‚Ä¶ https://t.co/7s7h3Ti8sp",0.6476,0.209,0.0,0.791,67
@Fox,Mon Aug 06 23:17:03 +0000 2018,MEL ‚úàÔ∏è LAX ‚úàÔ∏è BOS,0.0,0.0,0.0,1.0,68
@Fox,Mon Aug 06 23:17:03 +0000 2018,"@LJKenward @LukeMesiti You both will do great, I‚Äôll be cheering you from a transatlantic flight. üíêüòá",0.8126,0.363,0.0,0.637,69
@Fox,Mon Aug 06 23:17:03 +0000 2018,Jeremy was one of our @cssconfau speakers this year and I cannot recommend him more as a developer with a deep pass‚Ä¶ https://t.co/nHFHIPQXtM,-0.2755,0.0,0.1,0.9,70
@Fox,Mon Aug 06 23:17:03 +0000 2018,RT @KD: Serena Williams has been drug tested more than all the top five American male athletes and 2x more than top American female athlete‚Ä¶,0.3818,0.135,0.0,0.865,71
@Fox,Mon Aug 06 23:17:03 +0000 2018,Great post with actionable advice on user protection in hostile states. https://t.co/LKkLVIx3J4,0.3612,0.246,0.156,0.599,72
@Fox,Mon Aug 06 23:17:03 +0000 2018,"@stewartsc hahaha, can‚Äôt make this more perfect, really.",0.8221,0.559,0.0,0.441,73
@Fox,Mon Aug 06 23:17:03 +0000 2018,"@Stammy That‚Äôs super comprehensive, thank you for sharing!",0.8883,0.742,0.0,0.258,74
@Fox,Mon Aug 06 23:17:03 +0000 2018,"@TimHaines people like that never want to understand, he conveniently blocked all women pointing his wrongness out‚Ä¶ https://t.co/cCe4XNNzfh",0.0459,0.12,0.16,0.72,75
@Fox,Mon Aug 06 23:17:03 +0000 2018,"RT @sarahmei: The biggest barrier to entry in software for non-white-men has never been credentials or knowledge or even experience. 

It‚Äôs‚Ä¶",-0.128,0.0,0.07,0.93,76
@Fox,Mon Aug 06 23:17:03 +0000 2018,"And here‚Äôs the tweet for posterity. Also, if you had any doubts, the author is fine conversing with other men and q‚Ä¶ https://t.co/ek0D1YV8We",-0.1027,0.072,0.088,0.84,77
@Fox,Mon Aug 06 23:17:03 +0000 2018,"@karmel80 lol, I can‚Äôt even",0.4215,0.483,0.0,0.517,78
@Fox,Mon Aug 06 23:17:03 +0000 2018,@Firesphere Sorry but I don‚Äôt want to engage on twitter in that way anymore.,0.5267,0.29,0.073,0.637,79
@Fox,Mon Aug 06 23:17:03 +0000 2018,In case you have any doubts the dude already blocked me because that‚Äôs how privilege deals with anything‚Äôs that‚Äôs uncomfortable. ‚úåÔ∏èüòé,-0.5267,0.095,0.261,0.644,80
@Fox,Mon Aug 06 23:17:03 +0000 2018,"A lesson to learn here is that if you choose to look away and ignore oppression, IT WILL BE MAGNIFIED BY YOUR COMPL‚Ä¶ https://t.co/7yNNGSa6LW",-0.3612,0.0,0.102,0.898,81
@Fox,Mon Aug 06 23:17:03 +0000 2018,"Additionally, using ‚Äûsexy industry‚Äù to describe tech is just another example of sexualisation that women will conti‚Ä¶ https://t.co/rFgRgfZR7f",0.0,0.0,0.0,1.0,82
@Fox,Mon Aug 06 23:17:03 +0000 2018,"He could just really look at his own employer, Uber, to learn about the inclusion and moral crisis that tech is cur‚Ä¶ https://t.co/I3W252jNqe",-0.6249,0.0,0.157,0.843,83
@Fox,Mon Aug 06 23:17:03 +0000 2018,"I‚Äôm not going any further, because the evidence is there for those who are willing to look for it instead of trying‚Ä¶ https://t.co/gmd1QdIfJE",0.0,0.0,0.0,1.0,84
@Fox,Mon Aug 06 23:17:03 +0000 2018,"A good place to start would be to familiarise yourself w/the @KaporCenter Tech Leavers study, portraying why people‚Ä¶ https://t.co/McD9ZnlGXf",0.4404,0.146,0.0,0.854,85
@Fox,Mon Aug 06 23:17:03 +0000 2018,"The sheer ignorance of white male privilege portrayed in this tweet is a reason why there aren‚Äôt more people, espec‚Ä¶ https://t.co/BVSYqzUU0a",0.0,0.109,0.109,0.783,86
@Fox,Mon Aug 06 23:17:03 +0000 2018,"@patriciarealini The echo chamber of white dudes seeing tech as easy runs deep, especially at Uber lol",0.7397,0.294,0.0,0.706,87
@Fox,Mon Aug 06 23:17:03 +0000 2018,"RT @KimCrayton1: ‚ÄúWe need to destigmatize how we view and talk about privilege, and one of the best ways to do so is to raise awareness.‚Äú #‚Ä¶",0.7717,0.211,0.0,0.789,88
@Fox,Mon Aug 06 23:17:03 +0000 2018,We cannot succeed at making the Web that‚Äôs welcoming towards everyone if the platform is built by the few with enou‚Ä¶ https://t.co/scB1iuvgaJ,0.0701,0.114,0.103,0.783,89
@Fox,Mon Aug 06 23:17:03 +0000 2018,"RT @Kolor_Koded_101: If you don't understand why more folks don't consider careers in tech despite ""low"" barriers to entry, great pay and b‚Ä¶",0.5719,0.155,0.053,0.792,90
@Fox,Mon Aug 06 23:17:03 +0000 2018,"RT @missydepino: Important facts for white allies:

If you are white, 93% of your social network is white. 

White social media users only‚Ä¶",0.2023,0.076,0.0,0.924,91
@Fox,Mon Aug 06 23:17:03 +0000 2018,RT @MelissaStetten: The University of Well Actually. https://t.co/nZ5NuXiVRn,0.2732,0.231,0.0,0.769,92
@Fox,Mon Aug 06 23:17:03 +0000 2018,I strongly recommend reading the recent State of Black America report that highlights disparities in White-Black an‚Ä¶ https://t.co/xPMjqauW2e,0.5574,0.235,0.0,0.765,93
@Fox,Mon Aug 06 23:17:03 +0000 2018,Doing legitimate research for my talk about tech ethics. https://t.co/TDWpxWVyU4,0.0,0.0,0.0,1.0,94
@Fox,Mon Aug 06 23:17:03 +0000 2018,"@bradleyfields awesome! That‚Äôs great to hear. I‚Äôd mostly use it for writing and reading, maybe some presentations i‚Ä¶ https://t.co/8lw5cJJ5dC",0.8588,0.333,0.0,0.667,95
@Fox,Mon Aug 06 23:17:03 +0000 2018,Developer Twitter in a nutshell. https://t.co/bViM2EWxTv,0.0,0.0,0.0,1.0,96
@Fox,Mon Aug 06 23:17:03 +0000 2018,"@glenngillen yeah, I wouldn‚Äôt use it for work. I have a personal iMac, will have a work MacBook so want this mostly‚Ä¶ https://t.co/1DpI2lNqf1",0.4481,0.188,0.0,0.812,97
@Fox,Mon Aug 06 23:17:03 +0000 2018,I‚Äôm considering getting rid of my Macbook and using an iPad Pro for writing + travel (mostly non-work related). If‚Ä¶ https://t.co/ioOtzJxM2V,0.0,0.0,0.0,1.0,98
@Fox,Mon Aug 06 23:17:03 +0000 2018,".@mylifeasalllly has spoken at @cssconfau 2016, and I strongly recommend you hire her if you‚Äôre looking for a front‚Ä¶ https://t.co/RSUDyoP7h4",0.5574,0.223,0.0,0.777,99
@Fox,Mon Aug 06 23:17:03 +0000 2018,"@LukesBeard omg, these are so great! also, love her outfit üòç",0.9,0.555,0.0,0.445,100
@nytimes,Mon Aug 06 23:17:03 +0000 2018,Kansas primary election live results https://t.co/iwTLA3g2xW,0.0,0.0,0.0,1.0,1
@nytimes,Mon Aug 06 23:17:03 +0000 2018,"Ohio special election live results
https://t.co/hLm3dgaMxf",0.4019,0.351,0.0,0.649,2
@nytimes,Mon Aug 06 23:17:03 +0000 2018,"As customers shift to online banking, former bank branches are being reincarnated as fast-food outlets, funeral par‚Ä¶ https://t.co/8HUKEBfW9w",-0.3612,0.0,0.128,0.872,3
@nytimes,Mon Aug 06 23:17:03 +0000 2018,Who will win in Ohio‚Äôs 12th Congressional District? Keep this page open for live results when they come in. https://t.co/WXGs5FPSJa,0.5859,0.167,0.0,0.833,4
@nytimes,Mon Aug 06 23:17:03 +0000 2018,"Here's a look at the most important primaries in Kansas, Michigan, Missouri and Washington, and a special election‚Ä¶ https://t.co/BeTA7c5Lqc",0.5849,0.242,0.0,0.758,5
@nytimes,Mon Aug 06 23:17:03 +0000 2018,"RT @nytgraphics: First results in Ohio's special election are expected at 7:45. We'll have live updates here:
https://t.co/njE3A2VhtM",0.4019,0.137,0.0,0.863,6
@nytimes,Mon Aug 06 23:17:03 +0000 2018,"Before he was a photographer, Bill Cunningham was a hat maker https://t.co/QrCuCrxkiQ",0.0,0.0,0.0,1.0,7
@nytimes,Mon Aug 06 23:17:03 +0000 2018,Evening Briefing: Here's what you need to know at the end of the day https://t.co/pOYyU3V8BR,0.0,0.0,0.0,1.0,8
@nytimes,Mon Aug 06 23:17:03 +0000 2018,An American couple found many moments of human kindness while cycling the world. Then came Day 369 in Tajikistan ‚Äî‚Ä¶ https://t.co/vf8PLWxjgn,0.4588,0.13,0.0,0.87,9
@nytimes,Mon Aug 06 23:17:03 +0000 2018,"RT @NYTLatinoNet: Tomorrow we are hosting a conversation with actress @LunaLaurenVeIez about her career, the role of Latinas in Hollywood a‚Ä¶",0.0,0.0,0.0,1.0,10
@nytimes,Mon Aug 06 23:17:03 +0000 2018,"It took until this week for Boston, a city that prides itself on making history, to swear in its first African-Amer‚Ä¶ https://t.co/SudvKlbwjA",-0.0516,0.0,0.057,0.943,11
@nytimes,Mon Aug 06 23:17:03 +0000 2018,"As defense lawyers attacked his credibility, Rick Gates admitted to having an affair about a decade ago, but he den‚Ä¶ https://t.co/HW8hJYZstp",-0.1406,0.114,0.093,0.793,12
@nytimes,Mon Aug 06 23:17:03 +0000 2018,American culture perpetuates a largely negative view of black fathers. This book does the exact opposite. ‚ÄúFathers‚Äù‚Ä¶ https://t.co/mSOPOVWWBj,-0.5719,0.0,0.188,0.812,13
@nytimes,Mon Aug 06 23:17:03 +0000 2018,RT @ByJamesWagner: Many baseball players consider their barbers close friends. So much so that one repeatedly flew his barber from DC to So‚Ä¶,0.4767,0.124,0.0,0.876,14
@nytimes,Mon Aug 06 23:17:03 +0000 2018,Ikea is taking its brand to a whole new level as it opens its first store in India on Thursday https://t.co/kX75aigWXJ,0.0,0.0,0.0,1.0,15
@nytimes,Mon Aug 06 23:17:03 +0000 2018,Paul Manafort is accused of laundering $18 million to pay for a lavish lifestyle in the United States. Here's how h‚Ä¶ https://t.co/q7Io6jJgpA,0.0516,0.115,0.148,0.738,16
@nytimes,Mon Aug 06 23:17:03 +0000 2018,"In Turkey's dispute with the United States, nationalism trumps economics, for now https://t.co/ORjy300E20",0.0258,0.17,0.164,0.667,17
@nytimes,Mon Aug 06 23:17:03 +0000 2018,"In Opinion

Filmmaker Taylor Brodsky writes, ‚ÄúDo his father and I ask surgeons to drill into my son‚Äôs head and thre‚Ä¶ https://t.co/Z7UtUpkKj5",0.0,0.0,0.0,1.0,18
@nytimes,Mon Aug 06 23:17:03 +0000 2018,"From Siri to computer-generated models, sexy robots are all around us. And now we wonder, are actual human women st‚Ä¶ https://t.co/PoTZkG5QPv",0.5267,0.145,0.0,0.855,19
@nytimes,Mon Aug 06 23:17:03 +0000 2018,"Would your barber travel 7,000 miles to cut your hair? For some major league stars, flying in their go-to guy for a‚Ä¶ https://t.co/LTmO08QI9z",-0.2732,0.0,0.087,0.913,20
@nytimes,Mon Aug 06 23:17:03 +0000 2018,"Wine, Tapas, Dancing. In Spain, our 52 Places Traveler finds a tempo to match her own. ‚ÄúI just felt like myself.‚Äù https://t.co/fiyEHnxREF",0.3612,0.111,0.0,0.889,21
@nytimes,Mon Aug 06 23:17:03 +0000 2018,President Trump said his tariffs would raise sufficient revenue to pay down the national debt. Math is not on his s‚Ä¶ https://t.co/HWbZJaHx8T,-0.4404,0.0,0.163,0.837,22
@nytimes,Mon Aug 06 23:17:03 +0000 2018,"RT @rcallimachi: 1. Twenty years ago today, al-Qaeda bombed the U.S embassies in Kenya and Tanzania, killing scores of people and inaugurat‚Ä¶",-0.6597,0.0,0.173,0.827,23
@nytimes,Mon Aug 06 23:17:03 +0000 2018,Trading of Tesla shares was halted after a tweet by Elon Musk about taking the company private sent the stock price‚Ä¶ https://t.co/eUEfcL8w3U,0.296,0.099,0.0,0.901,24
@nytimes,Mon Aug 06 23:17:03 +0000 2018,The Mendocino Complex Fire in Northern California has doubled in size in the past four days and now spans more than‚Ä¶ https://t.co/3DaeeIBGbN,-0.34,0.0,0.103,0.897,25
@nytimes,Mon Aug 06 23:17:03 +0000 2018,"‚ÄúThis is a war on free speech.‚Äù In an interview, Alex Jones said the effort to limit his access to social media pla‚Ä¶ https://t.co/uDM3J6jIos",-0.1531,0.117,0.138,0.745,26
@nytimes,Mon Aug 06 23:17:03 +0000 2018,"It‚Äôs another busy voting day. Here‚Äôs a look at what to watch: Ohio‚Äôs close House race, President Trump‚Äôs polarizing‚Ä¶ https://t.co/nsyrG07Rsu",0.0,0.0,0.0,1.0,27
@nytimes,Mon Aug 06 23:17:03 +0000 2018,"West Hollywood badly wants to remove President Trump‚Äôs star from the Hollywood Walk of Fame.
One problem: The star‚Ä¶ https://t.co/qqOEuBlOS2",-0.4404,0.113,0.226,0.661,28
@nytimes,Mon Aug 06 23:17:03 +0000 2018,"An Indonesian earthquake survivor dug his way out of a collapsed mosque, using only a piece of debris for 12 hours‚Ä¶ https://t.co/0DLEOdPzNT",0.1027,0.111,0.093,0.796,29
@nytimes,Mon Aug 06 23:17:03 +0000 2018,"In Opinion

David French, senior writer for the National Review, writes that ""tech companies don't have to rely on‚Ä¶ https://t.co/g5uIZ34ESg",0.0,0.0,0.0,1.0,30
@nytimes,Mon Aug 06 23:17:03 +0000 2018,Saudi Arabia‚Äôs unusually harsh response to a Canadian complaint about human rights sent a clear message: Western cr‚Ä¶ https://t.co/heYdbk9tg7,-0.4201,0.118,0.245,0.637,31
@nytimes,Mon Aug 06 23:17:03 +0000 2018,"California issued a scathing rebuttal to the Trump administration's plans to rollback car pollution rules, refuting‚Ä¶ https://t.co/MhxcjDOGCL",0.0,0.0,0.0,1.0,32
@nytimes,Mon Aug 06 23:17:03 +0000 2018,Does Ludacris just go to Atlanta-area grocery stores and buy household staples for civilians in need? According to‚Ä¶ https://t.co/pVnl8pCK7u,0.0,0.0,0.0,1.0,33
@nytimes,Mon Aug 06 23:17:03 +0000 2018,"Robert McCulloch, the longtime prosecuting attorney who handled the investigation following Michael Brown‚Äôs death i‚Ä¶ https://t.co/dGU508QDTV",-0.5994,0.0,0.206,0.794,34
@nytimes,Mon Aug 06 23:17:03 +0000 2018,"Rick Gates, who was long the right-hand man to Paul Manafort, is back on the stand testifying in Manafort‚Äôs trial o‚Ä¶ https://t.co/1BfzaLjPF2",0.0,0.0,0.0,1.0,35
@nytimes,Mon Aug 06 23:17:03 +0000 2018,"On Day 319 of a young American couple‚Äôs around-the-world biking journey, a Kazakh man stopped his truck and gave th‚Ä¶ https://t.co/FRvIgCgGGZ",-0.2263,0.0,0.095,0.905,36
@nytimes,Mon Aug 06 23:17:03 +0000 2018,"""I want to draw them so they are not forgotten."" A Syrian artist was jailed for her activism. Then she started sket‚Ä¶ https://t.co/APHfQ5ODSB",-0.4404,0.053,0.131,0.816,37
@nytimes,Mon Aug 06 23:17:03 +0000 2018,"A German court convicted a mother and her boyfriend, a known pedophile, of sexually abusing her son beginning when‚Ä¶ https://t.co/WPwtDBIUaH",-0.4588,0.0,0.158,0.842,38
@nytimes,Mon Aug 06 23:17:03 +0000 2018,"‚ÄúNot since Robert Durst and ‚ÄòThe Jinx‚Äô has a defendant done such a good job of convicting himself publicly,"" said J‚Ä¶ https://t.co/McBrWTvQBc",0.4404,0.132,0.0,0.868,39
@nytimes,Mon Aug 06 23:17:03 +0000 2018,RT @charlie_savage: BREAKING: @knightcolumbia asks Facebook to alter terms of service so journalists &amp; researchers can create inauthentic a‚Ä¶,0.2732,0.104,0.0,0.896,40
@nytimes,Mon Aug 06 23:17:03 +0000 2018,Here is a look at some ways Donald Trump Jr. may be in legal jeopardy https://t.co/mTgnhztjPY,-0.3818,0.085,0.176,0.739,41
@nytimes,Mon Aug 06 23:17:03 +0000 2018,"RT @nytpolitics: Rick Gates is set to resume the stand Tuesday morning in federal court, testifying in Paul Manafort‚Äôs trial on bank and ta‚Ä¶",0.0,0.0,0.0,1.0,42
@nytimes,Mon Aug 06 23:17:03 +0000 2018,"Hard-right Republicans see Kris Kobach as a rising political star, and by civil libertarians have clashed with him‚Ä¶ https://t.co/hLenP6MwqY",0.0258,0.061,0.0,0.939,43
@nytimes,Mon Aug 06 23:17:03 +0000 2018,A woman who once ran an upscale New York City escort service will appear before a grand jury in the Russia investig‚Ä¶ https://t.co/xphMmTKLYu,0.4588,0.13,0.0,0.87,44
@nytimes,Mon Aug 06 23:17:03 +0000 2018,"""It boomerangs,"" Paul Ryan said of being too critical of President Trump. ""He goes in the other direction, so that'‚Ä¶ https://t.co/wchwuJdUnc",-0.3182,0.0,0.103,0.897,45
@nytimes,Mon Aug 06 23:17:03 +0000 2018,"""Black dollars matter."" Protests erupted after a brawl between black customers and Asian-American workers at a Broo‚Ä¶ https://t.co/lY1gzUNwkk",-0.2263,0.0,0.112,0.888,46
@nytimes,Mon Aug 06 23:17:03 +0000 2018,"Apple, Google, Facebook and Spotify erased most of the posts and videos on their services from Alex Jones, thrustin‚Ä¶ https://t.co/XKc010IyUh",0.0,0.0,0.0,1.0,47
@nytimes,Mon Aug 06 23:17:03 +0000 2018,Morning¬†Briefing: Here's what you need to know to start your day https://t.co/XfmP2Z40U7 https://t.co/mavZB5jVrw,0.0,0.0,0.0,1.0,48
@nytimes,Mon Aug 06 23:17:03 +0000 2018,"RT @karenyourish: (1/2) Trump's Role in Crafting Misleading Response to Russia Meeting:
1. None.
2. Weighed in but did not dictate.
3. Dict‚Ä¶",-0.2144,0.0,0.078,0.922,49
@nytimes,Mon Aug 06 23:17:03 +0000 2018,"Here's a look at the most important primaries in Kansas, Michigan, Missouri and Washington, and a special election‚Ä¶ https://t.co/CuAiTQgRPZ",0.5849,0.242,0.0,0.758,50
@nytimes,Mon Aug 06 23:17:03 +0000 2018,Willow Creek Community Church announced that it plans to launch a new independent investigation into allegations th‚Ä¶ https://t.co/Uu4Yr2WjBO,0.0,0.0,0.0,1.0,51
@nytimes,Mon Aug 06 23:17:03 +0000 2018,Rick Gates testified that he knew about what the prosecutors allege is a multiyear tax and bank fraud scheme by Pau‚Ä¶ https://t.co/wEcRA2DBFy,-0.5859,0.0,0.16,0.84,52
@nytimes,Mon Aug 06 23:17:03 +0000 2018,"A Sikh man who was recently ambushed, beaten up and told to return to his country said he believed that the very th‚Ä¶ https://t.co/1vtdpGyYWt",-0.4215,0.0,0.113,0.887,53
@nytimes,Mon Aug 06 23:17:03 +0000 2018,Republicans found themselves unexpectedly scrambling to hold a House seat in a special election in Ohio on Tuesday.‚Ä¶ https://t.co/dPBrWyIYrm,0.4019,0.144,0.0,0.856,54
@nytimes,Mon Aug 06 23:17:03 +0000 2018,"The Mendocino Complex Fire, which is burning northwest of Sacramento, has become the largest in modern state histor‚Ä¶ https://t.co/JAv82Zml0Y",-0.34,0.0,0.118,0.882,55
@nytimes,Mon Aug 06 23:17:03 +0000 2018,"No, this is not a printing error. When officials in Montgomery County, Maryland released information about what the‚Ä¶ https://t.co/8fd4oYl9QL",0.015,0.11,0.108,0.782,56
@nytimes,Mon Aug 06 23:17:03 +0000 2018,He led a top-secret weapons-development unit and he was hard at work building an underground weapons factory. On Sa‚Ä¶ https://t.co/GPRotmGAEE,-0.5106,0.0,0.202,0.798,57
@nytimes,Mon Aug 06 23:17:03 +0000 2018,"""These attacks literally came out of the blue,‚Äù said an official of an aid group. ""We keep thinking that it cannot‚Ä¶ https://t.co/zsY5mrTBS6",-0.4404,0.0,0.121,0.879,58
@nytimes,Mon Aug 06 23:17:03 +0000 2018,Morning¬†Briefing: Here's what you need to know to start your day https://t.co/YAbfhfnTcO https://t.co/0bQlg2DXBB,0.0,0.0,0.0,1.0,59
@nytimes,Mon Aug 06 23:17:03 +0000 2018,"North Korea released a South Korean citizen on Tuesday who was detained in the North last month, a rare humanitaria‚Ä¶ https://t.co/9zXbteySUp",-0.4019,0.0,0.13,0.87,60
@nytimes,Mon Aug 06 23:17:03 +0000 2018,"""People think twice about even buying an ice cream,"" said a shopkeeper in Tehran https://t.co/DweRy2Fq3r",0.0,0.0,0.0,1.0,61
@nytimes,Mon Aug 06 23:17:03 +0000 2018,"Students at several university campuses in Bangladesh clashed with police officers on Monday, as the government met‚Ä¶ https://t.co/2oqGemJXIY",0.0,0.0,0.0,1.0,62
@nytimes,Mon Aug 06 23:17:03 +0000 2018,RT @nytimesworld: Two farmers from southern India become an overnight internet sensation after their entry in the Kiki Challenge dance cont‚Ä¶,0.0772,0.061,0.0,0.939,63
@nytimes,Mon Aug 06 23:17:03 +0000 2018,"A few hours after he had gunned down 17 of his former classmates and educators, the Parkland shooter said he no lon‚Ä¶ https://t.co/Wg1lpPQZH7",-0.296,0.0,0.095,0.905,64
@nytimes,Mon Aug 06 23:17:03 +0000 2018,"The government tried to ban it and cancel a talk by its founder. Now, the Hong Kong National Party is one of the ci‚Ä¶ https://t.co/vLIHQn16Z8",-0.4404,0.092,0.191,0.717,65
@nytimes,Mon Aug 06 23:17:03 +0000 2018,Rick Gates testified that he and Paul Manafort were involved in criminal activity together. He also said that he an‚Ä¶ https://t.co/TA3Gx4fqor,-0.5267,0.0,0.145,0.855,66
@nytimes,Mon Aug 06 23:17:03 +0000 2018,"RT @nytimesworld: ‚ÄúBefore, we lived with security,"" says an unemployed machinist in Nicaragua. ""But it exploded like a bomb.‚Äù https://t.co/‚Ä¶",0.3612,0.122,0.0,0.878,67
@nytimes,Mon Aug 06 23:17:03 +0000 2018,Two Indian farmers have grooved their way to global fame by performing the Kiki Challenge alongside their oxen https://t.co/1GN4M0VDB0,0.4939,0.198,0.0,0.802,68
@nytimes,Mon Aug 06 23:17:03 +0000 2018,"A generation of Chinese is coming of age with an internet that shuts out Google, Facebook, Twitter and Instagram https://t.co/uH6W3KNOpU",0.0,0.0,0.0,1.0,69
@nytimes,Mon Aug 06 23:17:03 +0000 2018,"A fire raging in Northern California has become the largest in modern state history, the state's fire agency said https://t.co/PHrKjVgs46",-0.802,0.0,0.339,0.661,70
@nytimes,Mon Aug 06 23:17:03 +0000 2018,"RT @nytopinion: If capitalists are worried about what's driving the rise of socialism in America, they need to look in the mirror https://t‚Ä¶",-0.296,0.0,0.091,0.909,71
@nytimes,Mon Aug 06 23:17:03 +0000 2018,"Just keep swimming. Just keep swimming. Just keep swimming, swimming, swimming. https://t.co/cGBCwg6ErM",0.0,0.0,0.0,1.0,72
@nytimes,Mon Aug 06 23:17:03 +0000 2018,RT @nytimesworld: Venezuela's president has seemed to defy gravity in his ability to hang on through a string of disasters ‚Äì which now incl‚Ä¶,-0.3182,0.089,0.139,0.772,73
@nytimes,Mon Aug 06 23:17:03 +0000 2018,"RT @NYTNational: In the span of less than three hours, 30 people were shot in Chicago over the weekend, an average of one every five minute‚Ä¶",0.0,0.0,0.0,1.0,74
@nytimes,Mon Aug 06 23:17:03 +0000 2018,"""It‚Äôs the 'Being John Malkovich' of apps"" https://t.co/JKVmzaVQfb",0.0,0.0,0.0,1.0,75
@nytimes,Mon Aug 06 23:17:03 +0000 2018,Mendocino Complex Fire in California Is Now Largest in Modern State History https://t.co/CBqZoJ5YuS,-0.34,0.0,0.167,0.833,76
@nytimes,Mon Aug 06 23:17:03 +0000 2018,"No, this is not a printing error. When officials in Montgomery County, Maryland released information about what the‚Ä¶ https://t.co/YYubbLiioz",0.015,0.11,0.108,0.782,77
@nytimes,Mon Aug 06 23:17:03 +0000 2018,RT @nytimesbusiness: Our @andrewrsorkin asks: Even at companies run by prominent women ‚Äî where you would think that the glass ceiling had b‚Ä¶,0.3182,0.099,0.0,0.901,78
@nytimes,Mon Aug 06 23:17:03 +0000 2018,"Trump has accused California of mismanaging water to fight the wildfires. California officials disagree. ""We have p‚Ä¶ https://t.co/8EJCf4t8aP",-0.7506,0.0,0.33,0.67,79
@nytimes,Mon Aug 06 23:17:03 +0000 2018,"Margaret Heckler, Health Secretary Ousted From Reagan‚Äôs Cabinet, Dies at 87 https://t.co/EVJTRzZHjF",0.0,0.0,0.0,1.0,80
@nytimes,Mon Aug 06 23:17:03 +0000 2018,RT @NYTStyles: Imagine accepting a [spoiler] from some guy who [spoiler] without knowing about his [spoiler]! üåπüî™üíç https://t.co/YcOU7g0ydq,0.4389,0.153,0.0,0.847,81
@nytimes,Mon Aug 06 23:17:03 +0000 2018,The billion-dollar prison phone industry has drawn increased scrutiny in recent years. Now all calls in New York Ci‚Ä¶ https://t.co/NEZ75WQ2oi,-0.296,0.09,0.141,0.769,82
@nytimes,Mon Aug 06 23:17:03 +0000 2018,"Paul Laxalt, U.S. Senator From Nevada and Reagan Confidant, Dies at 96 https://t.co/7bVydHkqrq",0.0,0.0,0.0,1.0,83
@nytimes,Mon Aug 06 23:17:03 +0000 2018,"RT @nytgraphics: A complete accounting of the shifting story on the Trump Tower Russia meeting.
https://t.co/bZmedUfGO0",0.0,0.0,0.0,1.0,84
@nytimes,Mon Aug 06 23:17:03 +0000 2018,"A top Syrian rocket scientist was killed by a car bomb this past weekend that was apparently planted by Mossad, the‚Ä¶ https://t.co/gTVSBePiEZ",-0.7845,0.068,0.291,0.642,85
@nytimes,Mon Aug 06 23:17:03 +0000 2018,"RT @nytpolitics: Four years ago, Senator Rand Paul called Russia ‚Äúa rogue nation‚Äù to be isolated. Now, in Moscow, he advocates ‚Äúdiplomacy,‚Ä¶",-0.3182,0.0,0.099,0.901,86
@nytimes,Mon Aug 06 23:17:03 +0000 2018,"A new tick species has arrived in the United States. For now, it's considered a greater threat to livestock than pe‚Ä¶ https://t.co/Y7k7EHzNHB",0.2263,0.206,0.132,0.661,87
@nytimes,Mon Aug 06 23:17:03 +0000 2018,"RT @lauriegnyt: NEW: Willow Creek Church says it will launch a new independent investigation of Its founding pastor, Bill Hybels. Critics w‚Ä¶",-0.296,0.0,0.099,0.901,88
@nytimes,Mon Aug 06 23:17:03 +0000 2018,"A generation of Chinese is coming of age with an internet that shuts out Google, Facebook, Twitter and Instagram https://t.co/W8jTmCVMGe",0.0,0.0,0.0,1.0,89
@nytimes,Mon Aug 06 23:17:03 +0000 2018,"In the search for a missing 4-year-old boy from Georgia, the authorities raided a makeshift underground compound in‚Ä¶ https://t.co/UvKJJj98rR",-0.296,0.0,0.121,0.879,90
@nytimes,Mon Aug 06 23:17:03 +0000 2018,"The age women have babies varies sharply by education and geography, putting children on diverging economic paths.‚Ä¶ https://t.co/I2dDrVHT4B",0.0,0.0,0.0,1.0,91
@nytimes,Mon Aug 06 23:17:03 +0000 2018,"RT @charlie_savage: President Trump said Don Jr's actions were ""totally legal"" and Jay Sekulow claimed ""nobody's pointed"" to a law he may h‚Ä¶",0.2006,0.079,0.0,0.921,92
@nytimes,Mon Aug 06 23:17:03 +0000 2018,Evening Briefing: Here's what you need to know at the end of the day https://t.co/BqbPcKKqkC,0.0,0.0,0.0,1.0,93
@nytimes,Mon Aug 06 23:17:03 +0000 2018,"In a dry area where water barely exists, these fish are making tides in biological research
https://t.co/0BXuy6V50Z",0.0,0.0,0.0,1.0,94
@nytimes,Mon Aug 06 23:17:03 +0000 2018,"In Opinion

Op-Ed contributor Margaret Renkl writes, ‚ÄúMenopause has made me invisible, and I love being invisible‚Äù https://t.co/bDAHA23mRH",0.6369,0.208,0.0,0.792,95
@nytimes,Mon Aug 06 23:17:03 +0000 2018,"RT @nytopinion: I was deeply disturbed by The Nation's decision to apologize for a poem, which threatens a value that is precious to a free‚Ä¶",0.2516,0.259,0.189,0.552,96
@nytimes,Mon Aug 06 23:17:03 +0000 2018,"Scientists are tackling the problem of plastic waste, seeking economical ways to alter polymers to create compostab‚Ä¶ https://t.co/6MnMFWQQVB",-0.5267,0.093,0.243,0.664,97
@nytimes,Mon Aug 06 23:17:03 +0000 2018,"The rate of people 65 and older filing for bankruptcy is three times what it was roughly 25 years ago, a new study‚Ä¶ https://t.co/JS4BbPHGkd",0.0,0.0,0.0,1.0,98
@nytimes,Mon Aug 06 23:17:03 +0000 2018,"Jo√´l Robuchon, an endlessly inventive French chef who earned a record number of Michelin stars by recasting French‚Ä¶ https://t.co/0MoCbiyL0h",0.0772,0.071,0.0,0.929,99
@nytimes,Mon Aug 06 23:17:03 +0000 2018,RT @gettleman: You GOT to watch this. Pure joy. Indian farmers showing the world how to groove in the Kiki Challenge. https://t.co/RcIR6dJ5‚Ä¶,0.6249,0.203,0.0,0.797,100
